Year,Team,count,gdp_pc
1920,Australia,1,NA
1924,Australia,1,NA
1928,Australia,4,NA
1932,Australia,3,NA
1936,Australia,4,NA
1948,Australia,9,NA
1952,Australia,6,NA
1956,Australia,43,NA
1960,Australia,19,1810.510249
1964,Australia,32,2131.277657
1968,Australia,18,2723.999484
1972,Australia,25,3949.461643
1976,Australia,30,7487.078975
1980,Australia,21,10208.57617
1984,Australia,63,12421.4926
1988,Australia,50,14284.51581
1992,Australia,69,18624.55508
1996,Australia,122,22020.09372
2000,Australia,187,21853.78167
2004,Australia,119,30819.99349
2008,Australia,123,49679.18053
2012,Australia,96,68044.71482
2016,Australia,142,49875.56514
