Year,Team,count,gdp_pc,group,percentage_change
1960,United States,34,3007.123445,gdp_pc_perchng,0
1960,United States,34,3007.123445,count_perchng,0
1964,United States,64,3573.941185,gdp_pc_perchng,18.84916766
1964,United States,64,3573.941185,count_perchng,88.23529412
1968,United States,58,4695.92339,gdp_pc_perchng,31.39341547
1968,United States,58,4695.92339,count_perchng,-9.375
1972,United States,62,6094.01799,gdp_pc_perchng,29.77251722
1972,United States,62,6094.01799,count_perchng,6.896551724
1976,United States,98,8592.253537,gdp_pc_perchng,40.99488303
1976,United States,98,8592.253537,count_perchng,58.06451613
1984,United States,174,17121.22548,gdp_pc_perchng,99.26350411
1984,United States,174,17121.22548,count_perchng,77.55102041
1988,United States,144,21417.01193,gdp_pc_perchng,25.09041456
1988,United States,144,21417.01193,count_perchng,-17.24137931
1992,United States,125,25418.99078,gdp_pc_perchng,18.68598133
1992,United States,125,25418.99078,count_perchng,-13.19444444
1996,United States,197,29967.71272,gdp_pc_perchng,17.89497459
1996,United States,197,29967.71272,count_perchng,57.6
2000,United States,168,36329.95607,gdp_pc_perchng,21.23032682
2000,United States,168,36329.95607,count_perchng,-14.72081218
2004,United States,163,41724.63163,gdp_pc_perchng,14.84911116
2004,United States,163,41724.63163,count_perchng,-2.976190476
2008,United States,181,48570.04598,gdp_pc_perchng,16.40617085
2008,United States,181,48570.04598,count_perchng,11.04294479
2012,United States,158,51784.41857,gdp_pc_perchng,6.618014303
2012,United States,158,51784.41857,count_perchng,-12.70718232
2016,United States,186,57866.74493,gdp_pc_perchng,11.74547582
2016,United States,186,57866.74493,count_perchng,17.72151899
1960,Australia,19,1810.510249,gdp_pc_perchng,0
1960,Australia,19,1810.510249,count_perchng,0
1964,Australia,32,2131.277657,gdp_pc_perchng,17.71696173
1964,Australia,32,2131.277657,count_perchng,68.42105263
1968,Australia,18,2723.999484,gdp_pc_perchng,27.81063392
1968,Australia,18,2723.999484,count_perchng,-43.75
1972,Australia,25,3949.461643,gdp_pc_perchng,44.98760614
1972,Australia,25,3949.461643,count_perchng,38.88888889
1976,Australia,30,7487.078975,gdp_pc_perchng,89.5721405
1976,Australia,30,7487.078975,count_perchng,20
1980,Australia,21,10208.57617,gdp_pc_perchng,36.34925188
1980,Australia,21,10208.57617,count_perchng,-30
1984,Australia,63,12421.4926,gdp_pc_perchng,21.67703305
1984,Australia,63,12421.4926,count_perchng,200
1988,Australia,50,14284.51581,gdp_pc_perchng,14.99838441
1988,Australia,50,14284.51581,count_perchng,-20.63492063
1992,Australia,69,18624.55508,gdp_pc_perchng,30.38282381
1992,Australia,69,18624.55508,count_perchng,38
1996,Australia,122,22020.09372,gdp_pc_perchng,18.23151547
1996,Australia,122,22020.09372,count_perchng,76.8115942
2000,Australia,187,21853.78167,gdp_pc_perchng,-0.755274033
2000,Australia,187,21853.78167,count_perchng,53.27868852
2004,Australia,119,30819.99349,gdp_pc_perchng,41.02819345
2004,Australia,119,30819.99349,count_perchng,-36.36363636
2008,Australia,123,49679.18053,gdp_pc_perchng,61.19140501
2008,Australia,123,49679.18053,count_perchng,3.361344538
2012,Australia,96,68044.71482,gdp_pc_perchng,36.9682714
2012,Australia,96,68044.71482,count_perchng,-21.95121951
2016,Australia,142,49875.56514,gdp_pc_perchng,-26.70177945
2016,Australia,142,49875.56514,count_perchng,47.91666667
1984,China,81,250.713969,gdp_pc_perchng,0
1984,China,81,250.713969,count_perchng,0
1988,China,93,283.5376952,gdp_pc_perchng,13.09210106
1988,China,93,283.5376952,count_perchng,14.81481481
1992,China,95,366.4606923,gdp_pc_perchng,29.24584579
1992,China,95,366.4606923,count_perchng,2.150537634
1996,China,141,709.4137551,gdp_pc_perchng,93.58522483
1996,China,141,709.4137551,count_perchng,48.42105263
2000,China,124,959.3724836,gdp_pc_perchng,35.23454778
2000,China,124,959.3724836,count_perchng,-12.05673759
2004,China,183,1508.668098,gdp_pc_perchng,57.25571911
2004,China,183,1508.668098,count_perchng,47.58064516
2008,China,173,3468.304602,gdp_pc_perchng,129.8918236
2008,China,173,3468.304602,count_perchng,-5.464480874
2012,China,115,6300.615118,gdp_pc_perchng,81.66268079
2012,China,115,6300.615118,count_perchng,-33.52601156
2016,China,169,8094.363367,gdp_pc_perchng,28.46941474
2016,China,169,8094.363367,count_perchng,46.95652174
1960,Canada,7,2259.250511,gdp_pc_perchng,0
1960,Canada,7,2259.250511,count_perchng,0
1964,Canada,19,2555.111146,gdp_pc_perchng,13.09552144
1964,Canada,19,2555.111146,count_perchng,171.4285714
1968,Canada,22,3462.678872,gdp_pc_perchng,35.51969657
1968,Canada,22,3462.678872,count_perchng,15.78947368
1972,Canada,41,5089.587902,gdp_pc_perchng,46.98411519
1972,Canada,41,5089.587902,count_perchng,86.36363636
1976,Canada,108,8809.26466,gdp_pc_perchng,73.08404589
1976,Canada,108,8809.26466,count_perchng,163.4146341
1984,Canada,137,13877.91708,gdp_pc_perchng,57.53774708
1984,Canada,137,13877.91708,count_perchng,26.85185185
1988,Canada,70,18936.9641,gdp_pc_perchng,36.45393607
1988,Canada,70,18936.9641,count_perchng,-48.90510949
1992,Canada,85,20879.84833,gdp_pc_perchng,10.25974501
1992,Canada,85,20879.84833,count_perchng,21.42857143
1996,Canada,106,21227.34753,gdp_pc_perchng,1.664280288
1996,Canada,106,21227.34753,count_perchng,24.70588235
2000,Canada,106,24271.00206,gdp_pc_perchng,14.33836482
2000,Canada,106,24271.00206,count_perchng,0
2004,Canada,90,32143.68141,gdp_pc_perchng,32.43656496
2004,Canada,90,32143.68141,count_perchng,-15.09433962
2008,Canada,111,46710.50558,gdp_pc_perchng,45.3178464
2008,Canada,111,46710.50558,count_perchng,23.33333333
2012,Canada,96,52669.08996,gdp_pc_perchng,12.75641166
2012,Canada,96,52669.08996,count_perchng,-13.51351351
2016,Canada,123,42315.60371,gdp_pc_perchng,-19.65761371
2016,Canada,123,42315.60371,count_perchng,28.125
