Entity,Code,Year,YLR
Afghanistan,AFG,1979,11.14280033
Afghanistan,AFG,2011,32.11322
Albania,ALB,2001,99.49808
Albania,ALB,2008,99.12132
Albania,ALB,2011,98.85624
Albania,ALB,2012,99.02019
Algeria,DZA,1987,62.21147919
Algeria,DZA,2002,86.13399
Algeria,DZA,2006,89.13824
Algeria,DZA,2008,91.73993
American Samoa,ASM,1980,97.44364929
Andorra,AND,2015,100
Andorra,AND,2016,100
Angola,AGO,2001,63.18212
Angola,AGO,2014,70.58513
Arab World,,1985,63.42307663
Arab World,,1986,63.42307663
Arab World,,1987,63.42307663
Arab World,,1988,63.42307663
Arab World,,1989,63.42307663
Arab World,,1990,63.42307663
Arab World,,1991,63.42307663
Arab World,,1992,63.42307663
Arab World,,1993,63.42307663
Arab World,,1994,63.42307663
Arab World,,1995,75.74597168
Arab World,,1996,75.74597168
Arab World,,1997,75.74597168
Arab World,,1998,75.74597168
Arab World,,1999,75.74597168
Arab World,,2000,75.74597168
Arab World,,2001,75.74597168
Arab World,,2002,75.74597168
Arab World,,2003,75.74597168
Arab World,,2004,75.74597168
Arab World,,2005,86.26460266
Arab World,,2006,86.26460266
Arab World,,2007,86.26460266
Arab World,,2008,86.26460266
Arab World,,2009,86.26460266
Arab World,,2010,86.26460266
Arab World,,2011,86.26460266
Arab World,,2012,86.26460266
Arab World,,2013,86.26460266
Arab World,,2014,86.26460266
Argentina,ARG,1980,97.3024826
Argentina,ARG,1991,98.54020691
Argentina,ARG,2001,99.12767
Argentina,ARG,2015,99.48
Armenia,ARM,1989,99.91056824
Armenia,ARM,2001,99.86167
Armenia,ARM,2011,99.87619
Aruba,ABW,2000,99.16637
Aruba,ABW,2010,99.3231
Azerbaijan,AZE,1999,99.90149
Azerbaijan,AZE,2007,100
Azerbaijan,AZE,2009,99.94579
Azerbaijan,AZE,2010,99.93333
Azerbaijan,AZE,2011,99.93176
Azerbaijan,AZE,2012,99.91767
Azerbaijan,AZE,2013,99.9267
Azerbaijan,AZE,2014,99.93638
Azerbaijan,AZE,2015,99.92011
Azerbaijan,AZE,2016,99.91648
Bahrain,BHR,1981,82.0774231
Bahrain,BHR,1991,96.5787735
Bahrain,BHR,2001,97.25061
Bahrain,BHR,2010,97.58234
Bangladesh,BGD,1981,27.15101051
Bangladesh,BGD,1991,37.98974991
Bangladesh,BGD,2001,60.25623
Bangladesh,BGD,2007,67.48857
Bangladesh,BGD,2011,72.65009
Bangladesh,BGD,2016,93.53532
Barbados,BRB,1970,99.80000305
Belarus,BLR,1989,99.80053711
Belarus,BLR,1999,99.82821
Belarus,BLR,2009,99.84739
Belize,BLZ,1991,79.80892944
Benin,BEN,1979,18.25518036
Benin,BEN,1992,26.69029045
Benin,BEN,2002,33.238
Benin,BEN,2006,30.78655
Benin,BEN,2012,40.93838
Bhutan,BTN,2005,67.96426
Bhutan,BTN,2012,84.48774
Bolivia,BOL,1976,75.8401413
Bolivia,BOL,1992,91.565979
Bolivia,BOL,2001,96.11462
Bolivia,BOL,2007,99.14458
Bolivia,BOL,2008,98.87941
Bolivia,BOL,2009,99.0843
Bolivia,BOL,2011,98.77202
Bolivia,BOL,2012,98.82861
Bolivia,BOL,2015,99.40421
Bosnia and Herzegovina,BIH,2000,99.84363
Bosnia and Herzegovina,BIH,2011,99.15044
Bosnia and Herzegovina,BIH,2013,99.66747
Botswana,BWA,1991,92.25187683
Botswana,BWA,2003,95.59602
Brazil,BRA,1980,85.23654938
Brazil,BRA,2000,95.71902
Brazil,BRA,2004,97.90386
Brazil,BRA,2006,98.36166
Brazil,BRA,2007,98.55943
Brazil,BRA,2008,98.53111
Brazil,BRA,2009,98.69204
Brazil,BRA,2010,98.31874
Brazil,BRA,2011,99.07315
Brazil,BRA,2012,99.02082
Brazil,BRA,2013,99.22972
Brazil,BRA,2014,99.25031
Brunei,BRN,1981,93.23892212
Brunei,BRN,1991,98.08379364
Brunei,BRN,2001,98.91217
Brunei,BRN,2011,99.54606
Bulgaria,BGR,2001,98.10977
Bulgaria,BGR,2011,97.65106
Burkina Faso,BFA,1975,6.664060116
Burkina Faso,BFA,1991,14.17374992
Burkina Faso,BFA,1996,13.98534012
Burkina Faso,BFA,2003,24.81137
Burkina Faso,BFA,2005,26.4829
Burkina Faso,BFA,2006,26.53412
Burkina Faso,BFA,2007,33.12532
Burkina Faso,BFA,2014,43.98583
Burundi,BDI,1979,21.48686028
Burundi,BDI,1990,48.01126099
Burundi,BDI,2000,70.3653
Burundi,BDI,2008,57.32103
Burundi,BDI,2014,74.95891
Cambodia,KHM,1998,71.07158661
Cambodia,KHM,2004,78.896
Cambodia,KHM,2008,85.53457
Cambodia,KHM,2009,85.86868
Cameroon,CMR,1976,59.06317902
Cameroon,CMR,2000,77.96249
Cameroon,CMR,2007,77.48205
Cameroon,CMR,2010,76.42093
Cape Verde,CPV,1990,86.41509247
Cape Verde,CPV,2012,98.39818
Cape Verde,CPV,2015,98.73018
Cayman Islands,CYM,2007,98.62333
Central African Republic,CAF,1988,34.85174942
Central African Republic,CAF,2000,49.01935
Central African Republic,CAF,2010,26.97133
Chad,TCD,1993,8.945839882
Chad,TCD,2000,23.2354
Chad,TCD,2004,30.77491
Chad,TCD,2015,25.99362
Chad,TCD,2016,22.38715
Chile,CHL,1982,97.11653137
Chile,CHL,1992,98.70085907
Chile,CHL,2002,99.18334
Chile,CHL,2008,99.19581
Chile,CHL,2009,98.89002
Chile,CHL,2011,99.60537
Chile,CHL,2013,99.08694
China,CHN,1982,82.09922028
China,CHN,1990,91.45469666
China,CHN,2000,98.50486
China,CHN,2010,99.59304
Colombia,COL,1993,96.28144073
Colombia,COL,1996,97.56674194
Colombia,COL,2004,98.41068
Colombia,COL,2005,98.37487
Colombia,COL,2006,98.19491
Colombia,COL,2007,98.419
Colombia,COL,2008,98.42687
Colombia,COL,2009,98.43472
Colombia,COL,2010,98.5172
Colombia,COL,2011,98.72434
Colombia,COL,2014,98.97285
Colombia,COL,2015,98.91534
Comoros,COM,1980,54.89904022
Comoros,COM,2000,77.55762
Comoros,COM,2012,69.59522
Congo,COG,2011,76.94608
Costa Rica,CRI,1984,97.53813171
Costa Rica,CRI,2000,98.03841
Costa Rica,CRI,2011,99.25812
Cote d'Ivoire,CIV,1988,37.84593964
Cote d'Ivoire,CIV,1998,39.84909058
Cote d'Ivoire,CIV,2000,52.12517
Cote d'Ivoire,CIV,2012,38.75008
Cote d'Ivoire,CIV,2014,47.03975
Croatia,HRV,1991,99.60440063
Croatia,HRV,2001,99.65321
Croatia,HRV,2011,99.73572
Cuba,CUB,2002,99.95369
Cuba,CUB,2012,99.8952
Cyprus,CYP,1992,99.66419983
Cyprus,CYP,2001,99.81524
Cyprus,CYP,2011,99.83831
Democratic Republic of Congo,COD,2001,63.0907
Democratic Republic of Congo,COD,2007,53.25022
Democratic Republic of Congo,COD,2012,76.6585
Democratic Republic of Congo,COD,2016,79.71484
Dominican Republic,DOM,1981,83.93852997
Dominican Republic,DOM,2002,95.41705
Dominican Republic,DOM,2007,96.93073
Dominican Republic,DOM,2010,97.88349
Dominican Republic,DOM,2011,98.05375
Dominican Republic,DOM,2012,97.76923
Dominican Republic,DOM,2013,98.25252
Dominican Republic,DOM,2014,98.04481
Dominican Republic,DOM,2015,98.03096
East Asia and Pacific,,1985,91.72460175
East Asia and Pacific,,1986,91.72460175
East Asia and Pacific,,1987,91.72460175
East Asia and Pacific,,1988,91.72460175
East Asia and Pacific,,1989,91.72460175
East Asia and Pacific,,1990,91.72460175
East Asia and Pacific,,1991,91.72460175
East Asia and Pacific,,1992,91.72460175
East Asia and Pacific,,1993,91.72460175
East Asia and Pacific,,1994,91.72460175
East Asia and Pacific,,1995,97.69947052
East Asia and Pacific,,1996,97.69947052
East Asia and Pacific,,1997,97.69947052
East Asia and Pacific,,1998,97.69947052
East Asia and Pacific,,1999,97.69947052
East Asia and Pacific,,2000,97.69947052
East Asia and Pacific,,2001,97.69947052
East Asia and Pacific,,2002,97.69947052
East Asia and Pacific,,2003,97.69947052
East Asia and Pacific,,2004,97.69947052
East Asia and Pacific,,2005,98.94603729
East Asia and Pacific,,2006,98.94603729
East Asia and Pacific,,2007,98.94603729
East Asia and Pacific,,2008,98.94603729
East Asia and Pacific,,2009,98.94603729
East Asia and Pacific,,2010,98.94603729
East Asia and Pacific,,2011,98.94603729
East Asia and Pacific,,2012,98.94603729
East Asia and Pacific,,2013,98.94603729
East Asia and Pacific,,2014,98.94603729
East Asia and Pacific (excluding high-income countries),,1985,91.02502441
East Asia and Pacific (excluding high-income countries),,1986,91.02502441
East Asia and Pacific (excluding high-income countries),,1987,91.02502441
East Asia and Pacific (excluding high-income countries),,1988,91.02502441
East Asia and Pacific (excluding high-income countries),,1989,91.02502441
East Asia and Pacific (excluding high-income countries),,1990,91.02502441
East Asia and Pacific (excluding high-income countries),,1991,91.02502441
East Asia and Pacific (excluding high-income countries),,1992,91.02502441
East Asia and Pacific (excluding high-income countries),,1993,91.02502441
East Asia and Pacific (excluding high-income countries),,1994,91.02502441
East Asia and Pacific (excluding high-income countries),,1995,97.55342865
East Asia and Pacific (excluding high-income countries),,1996,97.55342865
East Asia and Pacific (excluding high-income countries),,1997,97.55342865
East Asia and Pacific (excluding high-income countries),,1998,97.55342865
East Asia and Pacific (excluding high-income countries),,1999,97.55342865
East Asia and Pacific (excluding high-income countries),,2000,97.55342865
East Asia and Pacific (excluding high-income countries),,2001,97.55342865
East Asia and Pacific (excluding high-income countries),,2002,97.55342865
East Asia and Pacific (excluding high-income countries),,2003,97.55342865
East Asia and Pacific (excluding high-income countries),,2004,97.55342865
East Asia and Pacific (excluding high-income countries),,2005,98.9101944
East Asia and Pacific (excluding high-income countries),,2006,98.9101944
East Asia and Pacific (excluding high-income countries),,2007,98.9101944
East Asia and Pacific (excluding high-income countries),,2008,98.9101944
East Asia and Pacific (excluding high-income countries),,2009,98.9101944
East Asia and Pacific (excluding high-income countries),,2010,98.9101944
East Asia and Pacific (excluding high-income countries),,2011,98.9101944
East Asia and Pacific (excluding high-income countries),,2012,98.9101944
East Asia and Pacific (excluding high-income countries),,2013,98.9101944
East Asia and Pacific (excluding high-income countries),,2014,98.9101944
Ecuador,ECU,1982,92.27893066
Ecuador,ECU,1990,95.83325195
Ecuador,ECU,2001,96.49345
Ecuador,ECU,2007,95.62893
Ecuador,ECU,2009,96.84546
Ecuador,ECU,2010,98.8541
Ecuador,ECU,2011,98.80532
Ecuador,ECU,2012,98.89454
Ecuador,ECU,2013,98.63248
Ecuador,ECU,2014,99.18693
Ecuador,ECU,2015,98.91229
Ecuador,ECU,2016,99.13692
Egypt,EGY,1976,38.1226387
Egypt,EGY,1986,54.00466156
Egypt,EGY,1996,66.93154144
Egypt,EGY,2005,78.94999
Egypt,EGY,2006,81.75145
Egypt,EGY,2010,84.30693
Egypt,EGY,2012,86.05159
Egypt,EGY,2013,90.3254
El Salvador,SLV,1992,84.94789124
El Salvador,SLV,2006,95.45334
El Salvador,SLV,2007,93.88949
El Salvador,SLV,2008,96.48331
El Salvador,SLV,2009,95.32356
El Salvador,SLV,2010,96.38574
El Salvador,SLV,2011,96.94589
El Salvador,SLV,2013,97.50019
El Salvador,SLV,2015,98.43374
Equatorial Guinea,GNQ,2000,96.62424
Eritrea,ERI,2002,69.4834
Eritrea,ERI,2008,82.57652
Estonia,EST,1989,99.90450287
Estonia,EST,2000,99.81336
Estonia,EST,2011,99.95904
Eswatini,SWZ,1976,74.97966003
Eswatini,SWZ,1986,84.29759979
Eswatini,SWZ,2000,92.94364
Eswatini,SWZ,2010,94.74849
Ethiopia,ETH,1994,28.08016968
Ethiopia,ETH,2004,38.5
Ethiopia,ETH,2005,33.29975
Ethiopia,ETH,2007,47.04113
Europe and Central Asia,,1985,98.75374603
Europe and Central Asia,,1986,98.75374603
Europe and Central Asia,,1987,98.75374603
Europe and Central Asia,,1988,98.75374603
Europe and Central Asia,,1989,98.75374603
Europe and Central Asia,,1990,98.75374603
Europe and Central Asia,,1991,98.75374603
Europe and Central Asia,,1992,98.75374603
Europe and Central Asia,,1993,98.75374603
Europe and Central Asia,,1994,98.75374603
Europe and Central Asia,,1995,99.05450439
Europe and Central Asia,,1996,99.05450439
Europe and Central Asia,,1997,99.05450439
Europe and Central Asia,,1998,99.05450439
Europe and Central Asia,,1999,99.05450439
Europe and Central Asia,,2000,99.05450439
Europe and Central Asia,,2001,99.05450439
Europe and Central Asia,,2002,99.05450439
Europe and Central Asia,,2003,99.05450439
Europe and Central Asia,,2004,99.05450439
Europe and Central Asia,,2005,99.67783356
Europe and Central Asia,,2006,99.67783356
Europe and Central Asia,,2007,99.67783356
Europe and Central Asia,,2008,99.67783356
Europe and Central Asia,,2009,99.67783356
Europe and Central Asia,,2010,99.67783356
Europe and Central Asia,,2011,99.67783356
Europe and Central Asia,,2012,99.67783356
Europe and Central Asia,,2013,99.67783356
Europe and Central Asia,,2014,99.67783356
Europe and Central Asia (excluding high-income countries),,1985,97.66122437
Europe and Central Asia (excluding high-income countries),,1986,97.66122437
Europe and Central Asia (excluding high-income countries),,1987,97.66122437
Europe and Central Asia (excluding high-income countries),,1988,97.66122437
Europe and Central Asia (excluding high-income countries),,1989,97.66122437
Europe and Central Asia (excluding high-income countries),,1990,97.66122437
Europe and Central Asia (excluding high-income countries),,1991,97.66122437
Europe and Central Asia (excluding high-income countries),,1992,97.66122437
Europe and Central Asia (excluding high-income countries),,1993,97.66122437
Europe and Central Asia (excluding high-income countries),,1994,97.66122437
Europe and Central Asia (excluding high-income countries),,1995,98.41150665
Europe and Central Asia (excluding high-income countries),,1996,98.41150665
Europe and Central Asia (excluding high-income countries),,1997,98.41150665
Europe and Central Asia (excluding high-income countries),,1998,98.41150665
Europe and Central Asia (excluding high-income countries),,1999,98.41150665
Europe and Central Asia (excluding high-income countries),,2000,98.41150665
Europe and Central Asia (excluding high-income countries),,2001,98.41150665
Europe and Central Asia (excluding high-income countries),,2002,98.41150665
Europe and Central Asia (excluding high-income countries),,2003,98.41150665
Europe and Central Asia (excluding high-income countries),,2004,98.41150665
Europe and Central Asia (excluding high-income countries),,2005,99.55990601
Europe and Central Asia (excluding high-income countries),,2006,99.55990601
Europe and Central Asia (excluding high-income countries),,2007,99.55990601
Europe and Central Asia (excluding high-income countries),,2008,99.55990601
Europe and Central Asia (excluding high-income countries),,2009,99.55990601
Europe and Central Asia (excluding high-income countries),,2010,99.55990601
Europe and Central Asia (excluding high-income countries),,2011,99.55990601
Europe and Central Asia (excluding high-income countries),,2012,99.55990601
Europe and Central Asia (excluding high-income countries),,2013,99.55990601
Europe and Central Asia (excluding high-income countries),,2014,99.55990601
Gabon,GAB,1993,92.1140213
Gabon,GAB,2012,89.42925
Gambia,GMB,2000,41.39434
Gambia,GMB,2013,56.12098
Georgia,GEO,2002,99.86236
Georgia,GEO,2014,99.72914
Ghana,GHA,2000,65.48871
Ghana,GHA,2010,83.23453
Greece,GRC,1981,98.88445282
Greece,GRC,1991,98.97937775
Greece,GRC,2001,98.99116
Greece,GRC,2005,99.5248
Greece,GRC,2007,99.67996
Greece,GRC,2009,99.46973
Greece,GRC,2011,98.81535
Greenland,GRL,2015,100
Grenada,GRD,1970,99.0774231
Guam,GUM,1980,95.90540314
Guam,GUM,1990,99.8476181
Guatemala,GTM,1994,70.72151184
Guatemala,GTM,2002,78.39068
Guatemala,GTM,2012,91.94237
Guatemala,GTM,2013,89.77037
Guatemala,GTM,2014,93.26925
Guinea,GIN,1996,13.47280025
Guinea,GIN,2003,34.06904
Guinea,GIN,2010,21.79673
Guinea,GIN,2014,37.21018
Guinea-Bissau,GNB,1979,17.80347061
Guinea-Bissau,GNB,2000,45.90365
Guinea-Bissau,GNB,2014,49.75632
Guyana,GUY,2009,93.67022
Guyana,GUY,2014,97.03701
Haiti,HTI,1982,51.05302048
Haiti,HTI,2003,80.68945
Haiti,HTI,2006,70.48078
Heavily-indebted poor countries,,1985,49.19680023
Heavily-indebted poor countries,,1986,49.19680023
Heavily-indebted poor countries,,1987,49.19680023
Heavily-indebted poor countries,,1988,49.19680023
Heavily-indebted poor countries,,1989,49.19680023
Heavily-indebted poor countries,,1990,49.19680023
Heavily-indebted poor countries,,1991,49.19680023
Heavily-indebted poor countries,,1992,49.19680023
Heavily-indebted poor countries,,1993,49.19680023
Heavily-indebted poor countries,,1994,49.19680023
Heavily-indebted poor countries,,1995,55.72239304
Heavily-indebted poor countries,,1996,55.72239304
Heavily-indebted poor countries,,1997,55.72239304
Heavily-indebted poor countries,,1998,55.72239304
Heavily-indebted poor countries,,1999,55.72239304
Heavily-indebted poor countries,,2000,55.72239304
Heavily-indebted poor countries,,2001,55.72239304
Heavily-indebted poor countries,,2002,55.72239304
Heavily-indebted poor countries,,2003,55.72239304
Heavily-indebted poor countries,,2004,55.72239304
Heavily-indebted poor countries,,2005,63.72569275
Heavily-indebted poor countries,,2006,63.72569275
Heavily-indebted poor countries,,2007,63.72569275
Heavily-indebted poor countries,,2008,63.72569275
Heavily-indebted poor countries,,2009,63.72569275
Heavily-indebted poor countries,,2010,63.72569275
Heavily-indebted poor countries,,2011,63.72569275
Heavily-indebted poor countries,,2012,63.72569275
Heavily-indebted poor countries,,2013,63.72569275
Heavily-indebted poor countries,,2014,63.72569275
Honduras,HND,2001,90.91032
Honduras,HND,2007,95.05453
Honduras,HND,2010,95.8775
Honduras,HND,2011,96.92601
Honduras,HND,2012,95.98721
Honduras,HND,2013,96.29856
Honduras,HND,2014,96.29226
Honduras,HND,2015,96.99961
Honduras,HND,2016,97.24561
Hungary,HUN,1980,99.31812286
Hungary,HUN,1994,99.18211365
India,IND,1981,40.32152176
India,IND,1991,49.34918976
India,IND,2001,67.74658
India,IND,2006,74.35573
India,IND,2011,81.84981
Indonesia,IDN,1980,81.64839935
Indonesia,IDN,1990,95.06925201
Indonesia,IDN,2004,98.54216
Indonesia,IDN,2006,96.27236
Indonesia,IDN,2008,99.38241
Indonesia,IDN,2009,99.39659
Indonesia,IDN,2011,98.7518
Indonesia,IDN,2014,99.67883
Indonesia,IDN,2015,99.63702
Indonesia,IDN,2016,99.65351
Iran,IRN,1976,42.32780075
Iran,IRN,1986,65.59266663
Iran,IRN,1991,81.2009964
Iran,IRN,1996,90.55661011
Iran,IRN,2005,96.73755
Iran,IRN,2006,96.13215
Iran,IRN,2008,97.46597
Iran,IRN,2012,97.66179
Iran,IRN,2013,97.43798
Iran,IRN,2014,97.67817
Iraq,IRQ,2000,80.48683
Iraq,IRQ,2013,48.63865
Israel,ISR,1983,98.04602814
Italy,ITA,1981,99.58748627
Italy,ITA,2001,99.82011
Italy,ITA,2011,99.8687
Jamaica,JAM,1999,96.29552
Jordan,JOR,1979,84.83278656
Jordan,JOR,2003,98.91331
Jordan,JOR,2005,99.02348
Jordan,JOR,2007,98.94657
Jordan,JOR,2010,98.76635
Jordan,JOR,2011,99.25322
Jordan,JOR,2012,99.20273
Kazakhstan,KAZ,1989,99.75498962
Kazakhstan,KAZ,1999,99.8747
Kazakhstan,KAZ,2009,99.86511
Kazakhstan,KAZ,2010,99.85091
Kenya,KEN,2000,91.94255
Kenya,KEN,2007,81.63257
Kenya,KEN,2014,86.13652
Kuwait,KWT,1975,66.0107193
Kuwait,KWT,1980,76.03035736
Kuwait,KWT,1985,84.09369659
Kuwait,KWT,1995,90.18480682
Kuwait,KWT,2005,99.78759
Kuwait,KWT,2006,98.49927
Kuwait,KWT,2007,98.50779
Kuwait,KWT,2008,98.73937
Kuwait,KWT,2010,98.71821
Kuwait,KWT,2012,98.83531
Kuwait,KWT,2013,99.04067
Kuwait,KWT,2015,99.40085
Kyrgyzstan,KGZ,1999,99.74129
Kyrgyzstan,KGZ,2009,99.79959
Laos,LAO,1995,64.05435181
Laos,LAO,2000,73.56058
Laos,LAO,2001,74.68243
Laos,LAO,2005,78.73984
Laos,LAO,2011,67.05378
Latin America and the Caribbean,,1985,94.15736389
Latin America and the Caribbean,,1986,94.15736389
Latin America and the Caribbean,,1987,94.15736389
Latin America and the Caribbean,,1988,94.15736389
Latin America and the Caribbean,,1989,94.15736389
Latin America and the Caribbean,,1990,94.15736389
Latin America and the Caribbean,,1991,94.15736389
Latin America and the Caribbean,,1992,94.15736389
Latin America and the Caribbean,,1993,94.15736389
Latin America and the Caribbean,,1994,94.15736389
Latin America and the Caribbean,,1995,96.66959381
Latin America and the Caribbean,,1996,96.66959381
Latin America and the Caribbean,,1997,96.66959381
Latin America and the Caribbean,,1998,96.66959381
Latin America and the Caribbean,,1999,96.66959381
Latin America and the Caribbean,,2000,96.66959381
Latin America and the Caribbean,,2001,96.66959381
Latin America and the Caribbean,,2002,96.66959381
Latin America and the Caribbean,,2003,96.66959381
Latin America and the Caribbean,,2004,96.66959381
Latin America and the Caribbean,,2005,98.13143921
Latin America and the Caribbean,,2006,98.13143921
Latin America and the Caribbean,,2007,98.13143921
Latin America and the Caribbean,,2008,98.13143921
Latin America and the Caribbean,,2009,98.13143921
Latin America and the Caribbean,,2010,98.13143921
Latin America and the Caribbean,,2011,98.13143921
Latin America and the Caribbean,,2012,98.13143921
Latin America and the Caribbean,,2013,98.13143921
Latin America and the Caribbean,,2014,98.13143921
Latin America and the Caribbean (excluding high-income countries),,1985,93.9834671
Latin America and the Caribbean (excluding high-income countries),,1986,93.9834671
Latin America and the Caribbean (excluding high-income countries),,1987,93.9834671
Latin America and the Caribbean (excluding high-income countries),,1988,93.9834671
Latin America and the Caribbean (excluding high-income countries),,1989,93.9834671
Latin America and the Caribbean (excluding high-income countries),,1990,93.9834671
Latin America and the Caribbean (excluding high-income countries),,1991,93.9834671
Latin America and the Caribbean (excluding high-income countries),,1992,93.9834671
Latin America and the Caribbean (excluding high-income countries),,1993,93.9834671
Latin America and the Caribbean (excluding high-income countries),,1994,93.9834671
Latin America and the Caribbean (excluding high-income countries),,1995,96.62731934
Latin America and the Caribbean (excluding high-income countries),,1996,96.62731934
Latin America and the Caribbean (excluding high-income countries),,1997,96.62731934
Latin America and the Caribbean (excluding high-income countries),,1998,96.62731934
Latin America and the Caribbean (excluding high-income countries),,1999,96.62731934
Latin America and the Caribbean (excluding high-income countries),,2000,96.62731934
Latin America and the Caribbean (excluding high-income countries),,2001,96.62731934
Latin America and the Caribbean (excluding high-income countries),,2002,96.62731934
Latin America and the Caribbean (excluding high-income countries),,2003,96.62731934
Latin America and the Caribbean (excluding high-income countries),,2004,96.62731934
Latin America and the Caribbean (excluding high-income countries),,2005,98.09368896
Latin America and the Caribbean (excluding high-income countries),,2006,98.09368896
Latin America and the Caribbean (excluding high-income countries),,2007,98.09368896
Latin America and the Caribbean (excluding high-income countries),,2008,98.09368896
Latin America and the Caribbean (excluding high-income countries),,2009,98.09368896
Latin America and the Caribbean (excluding high-income countries),,2010,98.09368896
Latin America and the Caribbean (excluding high-income countries),,2011,98.09368896
Latin America and the Caribbean (excluding high-income countries),,2012,98.09368896
Latin America and the Caribbean (excluding high-income countries),,2013,98.09368896
Latin America and the Caribbean (excluding high-income countries),,2014,98.09368896
Latvia,LVA,1989,99.82092285
Latvia,LVA,2000,99.78331
Latvia,LVA,2011,99.87011
Least-developed countries,,1985,48.20685577
Least-developed countries,,1986,48.20685577
Least-developed countries,,1987,48.20685577
Least-developed countries,,1988,48.20685577
Least-developed countries,,1989,48.20685577
Least-developed countries,,1990,48.20685577
Least-developed countries,,1991,48.20685577
Least-developed countries,,1992,48.20685577
Least-developed countries,,1993,48.20685577
Least-developed countries,,1994,48.20685577
Least-developed countries,,1995,58.44807816
Least-developed countries,,1996,58.44807816
Least-developed countries,,1997,58.44807816
Least-developed countries,,1998,58.44807816
Least-developed countries,,1999,58.44807816
Least-developed countries,,2000,58.44807816
Least-developed countries,,2001,58.44807816
Least-developed countries,,2002,58.44807816
Least-developed countries,,2003,58.44807816
Least-developed countries,,2004,58.44807816
Least-developed countries,,2005,69.52115631
Least-developed countries,,2006,69.52115631
Least-developed countries,,2007,69.52115631
Least-developed countries,,2008,69.52115631
Least-developed countries,,2009,69.52115631
Least-developed countries,,2010,69.52115631
Least-developed countries,,2011,69.52115631
Least-developed countries,,2012,69.52115631
Least-developed countries,,2013,69.52115631
Least-developed countries,,2014,69.52115631
Lebanon,LBN,2007,99.0823
Lebanon,LBN,2009,99.33674
Lesotho,LSO,2000,97.49609
Lesotho,LSO,2009,92.09389
Lesotho,LSO,2014,93.96988
Liberia,LBR,1984,33.72455978
Liberia,LBR,1994,54.18930054
Liberia,LBR,2007,37.17031
Libya,LBY,1984,80.31060028
Libya,LBY,1994,96.29514313
Lithuania,LTU,1989,99.70847321
Lithuania,LTU,2001,99.74238
Lithuania,LTU,2011,99.86662
Low and middle-income countries,,1985,75.32927704
Low and middle-income countries,,1986,75.32927704
Low and middle-income countries,,1987,75.32927704
Low and middle-income countries,,1988,75.32927704
Low and middle-income countries,,1989,75.32927704
Low and middle-income countries,,1990,75.32927704
Low and middle-income countries,,1991,75.32927704
Low and middle-income countries,,1992,75.32927704
Low and middle-income countries,,1993,75.32927704
Low and middle-income countries,,1994,75.32927704
Low and middle-income countries,,1995,81.65670013
Low and middle-income countries,,1996,81.65670013
Low and middle-income countries,,1997,81.65670013
Low and middle-income countries,,1998,81.65670013
Low and middle-income countries,,1999,81.65670013
Low and middle-income countries,,2000,81.65670013
Low and middle-income countries,,2001,81.65670013
Low and middle-income countries,,2002,81.65670013
Low and middle-income countries,,2003,81.65670013
Low and middle-income countries,,2004,81.65670013
Low and middle-income countries,,2005,87.17005157
Low and middle-income countries,,2006,87.17005157
Low and middle-income countries,,2007,87.17005157
Low and middle-income countries,,2008,87.17005157
Low and middle-income countries,,2009,87.17005157
Low and middle-income countries,,2010,87.17005157
Low and middle-income countries,,2011,87.17005157
Low and middle-income countries,,2012,87.17005157
Low and middle-income countries,,2013,87.17005157
Low and middle-income countries,,2014,87.17005157
Low-income countries,,1985,47.54922867
Low-income countries,,1986,47.54922867
Low-income countries,,1987,47.54922867
Low-income countries,,1988,47.54922867
Low-income countries,,1989,47.54922867
Low-income countries,,1990,47.54922867
Low-income countries,,1991,47.54922867
Low-income countries,,1992,47.54922867
Low-income countries,,1993,47.54922867
Low-income countries,,1994,47.54922867
Low-income countries,,1995,54.40241623
Low-income countries,,1996,54.40241623
Low-income countries,,1997,54.40241623
Low-income countries,,1998,54.40241623
Low-income countries,,1999,54.40241623
Low-income countries,,2000,54.40242004
Low-income countries,,2001,54.40241623
Low-income countries,,2002,54.40241623
Low-income countries,,2003,54.40241623
Low-income countries,,2004,54.40241623
Low-income countries,,2005,62.04524994
Low-income countries,,2006,62.04524994
Low-income countries,,2007,62.04524994
Low-income countries,,2008,62.04524994
Low-income countries,,2009,62.04524994
Low-income countries,,2010,62.04524994
Low-income countries,,2011,62.04524994
Low-income countries,,2012,62.04524994
Low-income countries,,2013,62.04524994
Low-income countries,,2014,62.04524994
Lower-middle-income countries,,1985,62.18384933
Lower-middle-income countries,,1986,62.18384933
Lower-middle-income countries,,1987,62.18384933
Lower-middle-income countries,,1988,62.18384933
Lower-middle-income countries,,1989,62.18384933
Lower-middle-income countries,,1990,62.18384933
Lower-middle-income countries,,1991,62.18384933
Lower-middle-income countries,,1992,62.18384933
Lower-middle-income countries,,1993,62.18384933
Lower-middle-income countries,,1994,62.18384933
Lower-middle-income countries,,1995,73.3337326
Lower-middle-income countries,,1996,73.3337326
Lower-middle-income countries,,1997,73.3337326
Lower-middle-income countries,,1998,73.3337326
Lower-middle-income countries,,1999,73.3337326
Lower-middle-income countries,,2000,73.3337326
Lower-middle-income countries,,2001,73.3337326
Lower-middle-income countries,,2002,73.3337326
Lower-middle-income countries,,2003,73.3337326
Lower-middle-income countries,,2004,73.3337326
Lower-middle-income countries,,2005,83.13555145
Lower-middle-income countries,,2006,83.13555145
Lower-middle-income countries,,2007,83.13555145
Lower-middle-income countries,,2008,83.13555145
Lower-middle-income countries,,2009,83.13555145
Lower-middle-income countries,,2010,83.13555145
Lower-middle-income countries,,2011,83.13555145
Lower-middle-income countries,,2012,83.13555145
Lower-middle-income countries,,2013,83.13555145
Lower-middle-income countries,,2014,83.13555145
Macao,MAC,1981,94.20511627
Macao,MAC,2001,99.81016
Macao,MAC,2006,99.69966
Macao,MAC,2011,99.69008
Macao,MAC,2016,99.86617
Madagascar,MDG,2000,68.18623
Madagascar,MDG,2009,63.96708
Madagascar,MDG,2012,75.30385
Malawi,MWI,1987,49.12807083
Malawi,MWI,1998,70.70072174
Malawi,MWI,2010,69.98174
Malawi,MWI,2014,73.33242
Malawi,MWI,2015,73.3858
Malaysia,MYS,1980,86.53147888
Malaysia,MYS,1991,95.22213745
Malaysia,MYS,2000,97.26772
Malaysia,MYS,2010,98.45826
Maldives,MDV,1977,87.11927795
Maldives,MDV,1985,96.17604065
Maldives,MDV,1990,98.31548309
Maldives,MDV,1995,98.29863739
Maldives,MDV,2000,98.29864
Maldives,MDV,2006,99.36065
Maldives,MDV,2014,99.43955
Mali,MLI,1976,13.47465038
Mali,MLI,1998,16.86067009
Mali,MLI,2006,30.79846
Mali,MLI,2010,33.94571
Mali,MLI,2011,39.00856
Mali,MLI,2015,39.20776
Malta,MLT,1995,97.80653381
Malta,MLT,2005,99.11073
Malta,MLT,2011,99.38657
Marshall Islands,MHL,2011,98.7567
Mauritania,MRT,2000,55.48371
Mauritania,MRT,2007,47.71239
Mauritius,MUS,1990,91.7059021
Mauritius,MUS,2000,95.3619
Mauritius,MUS,2011,98.57592
Mexico,MEX,1980,90.86093903
Mexico,MEX,1990,94.9032135
Mexico,MEX,2000,96.48236
Mexico,MEX,2002,97.27211
Mexico,MEX,2004,97.60793
Mexico,MEX,2005,97.62793
Mexico,MEX,2006,97.69172
Mexico,MEX,2007,98.11611
Mexico,MEX,2008,98.35642
Mexico,MEX,2009,98.3816
Mexico,MEX,2010,98.49213
Mexico,MEX,2011,98.50666
Mexico,MEX,2012,99.02957
Mexico,MEX,2013,98.60191
Mexico,MEX,2014,99.07946
Mexico,MEX,2015,99.01495
Middle East and North Africa,,1985,69.17980194
Middle East and North Africa,,1986,69.17980194
Middle East and North Africa,,1987,69.17980194
Middle East and North Africa,,1988,69.17980194
Middle East and North Africa,,1989,69.17980194
Middle East and North Africa,,1990,69.17980194
Middle East and North Africa,,1991,69.17980194
Middle East and North Africa,,1992,69.17980194
Middle East and North Africa,,1993,69.17980194
Middle East and North Africa,,1994,69.17980194
Middle East and North Africa,,1995,82.81575012
Middle East and North Africa,,1996,82.81575012
Middle East and North Africa,,1997,82.81575012
Middle East and North Africa,,1998,82.81575012
Middle East and North Africa,,1999,82.81575012
Middle East and North Africa,,2000,82.81575012
Middle East and North Africa,,2001,82.81575012
Middle East and North Africa,,2002,82.81575012
Middle East and North Africa,,2003,82.81575012
Middle East and North Africa,,2004,82.81575012
Middle East and North Africa,,2005,90.55975342
Middle East and North Africa,,2006,90.55975342
Middle East and North Africa,,2007,90.55975342
Middle East and North Africa,,2008,90.55975342
Middle East and North Africa,,2009,90.55975342
Middle East and North Africa,,2010,90.55975342
Middle East and North Africa,,2011,90.55975342
Middle East and North Africa,,2012,90.55975342
Middle East and North Africa,,2013,90.55975342
Middle East and North Africa,,2014,90.55975342
Middle East and North Africa (excluding high-income countries),,1985,67.45211029
Middle East and North Africa (excluding high-income countries),,1986,67.45211029
Middle East and North Africa (excluding high-income countries),,1987,67.45211029
Middle East and North Africa (excluding high-income countries),,1988,67.45211029
Middle East and North Africa (excluding high-income countries),,1989,67.45211029
Middle East and North Africa (excluding high-income countries),,1990,67.45211029
Middle East and North Africa (excluding high-income countries),,1991,67.45211029
Middle East and North Africa (excluding high-income countries),,1992,67.45211029
Middle East and North Africa (excluding high-income countries),,1993,67.45211029
Middle East and North Africa (excluding high-income countries),,1994,67.45211029
Middle East and North Africa (excluding high-income countries),,1995,81.36860657
Middle East and North Africa (excluding high-income countries),,1996,81.36860657
Middle East and North Africa (excluding high-income countries),,1997,81.36860657
Middle East and North Africa (excluding high-income countries),,1998,81.36860657
Middle East and North Africa (excluding high-income countries),,1999,81.36860657
Middle East and North Africa (excluding high-income countries),,2000,81.36860657
Middle East and North Africa (excluding high-income countries),,2001,81.36860657
Middle East and North Africa (excluding high-income countries),,2002,81.36860657
Middle East and North Africa (excluding high-income countries),,2003,81.36860657
Middle East and North Africa (excluding high-income countries),,2004,81.36860657
Middle East and North Africa (excluding high-income countries),,2005,89.5063324
Middle East and North Africa (excluding high-income countries),,2006,89.5063324
Middle East and North Africa (excluding high-income countries),,2007,89.5063324
Middle East and North Africa (excluding high-income countries),,2008,89.5063324
Middle East and North Africa (excluding high-income countries),,2009,89.5063324
Middle East and North Africa (excluding high-income countries),,2010,89.5063324
Middle East and North Africa (excluding high-income countries),,2011,89.5063324
Middle East and North Africa (excluding high-income countries),,2012,89.5063324
Middle East and North Africa (excluding high-income countries),,2013,89.5063324
Middle East and North Africa (excluding high-income countries),,2014,89.5063324
Middle-income countries,,1985,77.64710236
Middle-income countries,,1986,77.64710236
Middle-income countries,,1987,77.64710236
Middle-income countries,,1988,77.64710236
Middle-income countries,,1989,77.64710236
Middle-income countries,,1990,77.64710236
Middle-income countries,,1991,77.64710236
Middle-income countries,,1992,77.64710236
Middle-income countries,,1993,77.64710236
Middle-income countries,,1994,77.64710236
Middle-income countries,,1995,84.47812653
Middle-income countries,,1996,84.47812653
Middle-income countries,,1997,84.47812653
Middle-income countries,,1998,84.47812653
Middle-income countries,,1999,84.47812653
Middle-income countries,,2000,84.47812653
Middle-income countries,,2001,84.47812653
Middle-income countries,,2002,84.47812653
Middle-income countries,,2003,84.47812653
Middle-income countries,,2004,84.47812653
Middle-income countries,,2005,90.14725494
Middle-income countries,,2006,90.14725494
Middle-income countries,,2007,90.14725494
Middle-income countries,,2008,90.14725494
Middle-income countries,,2009,90.14725494
Middle-income countries,,2010,90.14726257
Middle-income countries,,2011,90.14725494
Middle-income countries,,2012,90.14725494
Middle-income countries,,2013,90.14725494
Middle-income countries,,2014,90.14725494
Moldova,MDA,1989,99.73853302
Moldova,MDA,2000,99.65157
Moldova,MDA,2012,99.58578
Mongolia,MNG,2000,98.43194
Mongolia,MNG,2010,98.90874
Montenegro,MNE,1981,98.28720093
Montenegro,MNE,1991,98.98921204
Montenegro,MNE,2003,99.3606
Montenegro,MNE,2011,99.05261
Morocco,MAR,1982,30.95091057
Morocco,MAR,1994,45.99636078
Morocco,MAR,2004,60.49289
Morocco,MAR,2008,69.89815
Morocco,MAR,2009,72.14524
Morocco,MAR,2011,74.03429
Morocco,MAR,2012,87.7834
Mozambique,MOZ,1980,25.11539078
Mozambique,MOZ,1997,36.55310822
Mozambique,MOZ,2003,50.03891
Mozambique,MOZ,2009,56.54005
Myanmar,MMR,1983,81.34420013
Myanmar,MMR,2000,93.47118
Myanmar,MMR,2016,84.41379
Namibia,NAM,1991,90.41716003
Namibia,NAM,2001,93.63254
Namibia,NAM,2007,90.61543
Namibia,NAM,2011,95.34632
Nepal,NPL,1981,14.96660995
Nepal,NPL,1991,32.66643906
Nepal,NPL,2001,60.14379
Nepal,NPL,2011,80.20683
New Caledonia,NCL,1976,97.96157837
New Caledonia,NCL,1989,98.86099243
Nicaragua,NIC,2001,88.81788
Nicaragua,NIC,2005,88.84248
Niger,NER,2001,14.23355
Niger,NER,2005,23.19743
Niger,NER,2012,15.05777
Nigeria,NGA,1991,62.48778152
Nigeria,NGA,2003,60.50937
Nigeria,NGA,2008,57.95389
North Korea,PRK,2008,99.99979
North Macedonia,MKD,1994,98.56687164
North Macedonia,MKD,2002,98.48539
Oman,OMN,2003,96.66145
Oman,OMN,2008,97.62498
Oman,OMN,2010,98.16507
Oman,OMN,2014,99.05662
Oman,OMN,2015,98.75332
Oman,OMN,2016,98.9804
Pakistan,PAK,1981,23.83296013
Pakistan,PAK,1998,43.11405182
Pakistan,PAK,2005,53.08856
Pakistan,PAK,2006,58.37056
Pakistan,PAK,2008,61.24992
Pakistan,PAK,2009,61.46266
Pakistan,PAK,2010,62.29837
Pakistan,PAK,2011,63.13681
Pakistan,PAK,2012,64.4741
Pakistan,PAK,2013,63.438
Pakistan,PAK,2014,65.54779
Palau,PLW,1980,94.35772705
Palau,PLW,1994,95.5198288
Palau,PLW,2013,99.8295
Palau,PLW,2015,99.17051
Palestine,PSE,1997,97.18849945
Palestine,PSE,2004,98.85482
Palestine,PSE,2006,99.14568
Palestine,PSE,2007,98.9869
Palestine,PSE,2008,98.81536
Palestine,PSE,2009,99.23354
Palestine,PSE,2010,99.27404
Palestine,PSE,2011,99.367
Palestine,PSE,2012,99.22708
Palestine,PSE,2013,99.2749
Palestine,PSE,2014,99.31944
Palestine,PSE,2015,99.26786
Palestine,PSE,2016,99.31307
Panama,PAN,1980,96.28395844
Panama,PAN,1990,94.77776337
Panama,PAN,2000,95.62273
Panama,PAN,2010,97.33687
Papua New Guinea,PNG,2000,64.05813
Paraguay,PRY,1982,89.00119781
Paraguay,PRY,1992,95.36142731
Paraguay,PRY,2007,98.77916
Paraguay,PRY,2008,98.23231
Paraguay,PRY,2009,98.98827
Paraguay,PRY,2010,98.72882
Paraguay,PRY,2014,98.47231
Paraguay,PRY,2015,98.6213
Peru,PER,1981,89.76371765
Peru,PER,1993,93.78624725
Peru,PER,2004,95.65602
Peru,PER,2005,96.28778
Peru,PER,2006,96.95764
Peru,PER,2007,96.70523
Peru,PER,2012,98.67575
Peru,PER,2014,98.78966
Peru,PER,2015,98.7729
Peru,PER,2016,98.6722
Philippines,PHL,1980,92.46903229
Philippines,PHL,1990,96.87773895
Philippines,PHL,2000,95.72028
Philippines,PHL,2003,96.58059
Philippines,PHL,2008,98.49152
Philippines,PHL,2013,98.81543
Poland,POL,1978,99.81581116
Poland,POL,1994,99.99925232
Portugal,PRT,1981,98.22210693
Portugal,PRT,1991,99.25787354
Portugal,PRT,2011,99.47964
Puerto Rico,PRI,1980,94.39736176
Puerto Rico,PRI,1990,94.11212921
Puerto Rico,PRI,2010,98.85419
Qatar,QAT,1986,91.23052216
Qatar,QAT,1997,95.80931091
Qatar,QAT,2004,97.54001
Qatar,QAT,2007,98.96525
Qatar,QAT,2008,96.88498
Qatar,QAT,2009,97.94622
Qatar,QAT,2010,98.26115
Qatar,QAT,2011,98.74933
Qatar,QAT,2012,99.83464
Qatar,QAT,2013,99.33438
Qatar,QAT,2014,99.64683
Romania,ROU,1992,99.03208923
Romania,ROU,2002,97.77952
Romania,ROU,2011,98.97622
Russia,RUS,1989,99.74945831
Russia,RUS,2002,99.77128
Russia,RUS,2010,99.75802
Rwanda,RWA,1978,44.69158936
Rwanda,RWA,1991,74.24578857
Rwanda,RWA,2000,76.86258
Rwanda,RWA,2010,77.97246
Rwanda,RWA,2012,83.48739
Saint Vincent and the Grenadines,VCT,1970,97.99759674
Samoa,WSM,1991,98.94999695
Samoa,WSM,2011,99.45804
Sao Tome and Principe,STP,1981,74.05767059
Sao Tome and Principe,STP,1991,91.85257721
Sao Tome and Principe,STP,2001,94.85257
Sao Tome and Principe,STP,2008,77.33728
Sao Tome and Principe,STP,2012,96.35088
Saudi Arabia,SAU,1992,81.07382965
Saudi Arabia,SAU,2000,93.71306
Saudi Arabia,SAU,2004,94.67571
Saudi Arabia,SAU,2013,99.13699
Senegal,SEN,1988,28.03474998
Senegal,SEN,2002,40.96837
Senegal,SEN,2006,44.54016
Senegal,SEN,2009,56.19144
Senegal,SEN,2011,58.99902
Senegal,SEN,2013,50.96893
Serbia,SRB,2011,99.26991
Serbia,SRB,2016,99.72468
Seychelles,SYC,1987,98.46446991
Seychelles,SYC,1994,99.13842773
Seychelles,SYC,2002,99.37438
Seychelles,SYC,2010,99.38308
Sierra Leone,SLE,2004,37.35752
Sierra Leone,SLE,2013,50.85709
Singapore,SGP,1980,96.15953827
Singapore,SGP,1990,99.08435822
Singapore,SGP,2000,99.60451
Singapore,SGP,2010,99.76667
Singapore,SGP,2011,99.88059
Singapore,SGP,2012,99.89296
Singapore,SGP,2013,99.90101
Singapore,SGP,2014,99.90389
Singapore,SGP,2015,99.83812
Singapore,SGP,2016,99.94051
Slovenia,SVN,1991,99.77900696
South Africa,ZAF,1980,84.97325897
South Africa,ZAF,1996,94.2885437
South Africa,ZAF,2007,98.09211
South Africa,ZAF,2009,98.8174
South Africa,ZAF,2010,98.90137
South Africa,ZAF,2011,99.15214
South Africa,ZAF,2012,99.27071
South Africa,ZAF,2014,99.08437
South Africa,ZAF,2015,99.22904
South Asia,,1985,47.03344727
South Asia,,1986,47.03344727
South Asia,,1987,47.03344727
South Asia,,1988,47.03344727
South Asia,,1989,47.03344727
South Asia,,1990,47.03344727
South Asia,,1991,47.03344727
South Asia,,1992,47.03344727
South Asia,,1993,47.03344727
South Asia,,1994,47.03344727
South Asia,,1995,64.2666626
South Asia,,1996,64.2666626
South Asia,,1997,64.2666626
South Asia,,1998,64.2666626
South Asia,,1999,64.2666626
South Asia,,2000,64.2666626
South Asia,,2001,64.2666626
South Asia,,2002,64.2666626
South Asia,,2003,64.2666626
South Asia,,2004,64.2666626
South Asia,,2005,79.22879028
South Asia,,2006,79.22879028
South Asia,,2007,79.22879028
South Asia,,2008,79.22879028
South Asia,,2009,79.22879028
South Asia,,2010,79.22879028
South Asia,,2011,79.22879028
South Asia,,2012,79.22879028
South Asia,,2013,79.22879028
South Asia,,2014,79.22879028
South Sudan,SSD,2008,29.57762
Spain,ESP,1981,98.64257813
Spain,ESP,1991,99.56967926
Spain,ESP,2004,99.53496
Spain,ESP,2005,99.50209
Spain,ESP,2007,99.55811
Spain,ESP,2008,99.60261
Spain,ESP,2009,99.55732
Spain,ESP,2010,99.68636
Spain,ESP,2011,99.74597
Spain,ESP,2012,99.70572
Spain,ESP,2013,99.64289
Spain,ESP,2014,99.68681
Spain,ESP,2015,99.69419
Spain,ESP,2016,99.60606
Sri Lanka,LKA,1981,90.19226837
Sri Lanka,LKA,2001,96.12111
Sri Lanka,LKA,2006,97.93921
Sri Lanka,LKA,2008,98.5861
Sri Lanka,LKA,2010,98.58897
Sub-Saharan Africa,,1995,61.61780167
Sub-Saharan Africa,,1996,61.61780167
Sub-Saharan Africa,,1997,61.61780167
Sub-Saharan Africa,,1998,61.61780167
Sub-Saharan Africa,,1999,61.61780167
Sub-Saharan Africa,,2000,61.61780167
Sub-Saharan Africa,,2001,61.61780167
Sub-Saharan Africa,,2002,61.61780167
Sub-Saharan Africa,,2003,61.61780167
Sub-Saharan Africa,,2004,61.61780167
Sub-Saharan Africa,,2005,66.3660965
Sub-Saharan Africa,,2006,66.3660965
Sub-Saharan Africa,,2007,66.3660965
Sub-Saharan Africa,,2008,66.3660965
Sub-Saharan Africa,,2009,66.3660965
Sub-Saharan Africa,,2010,66.3660965
Sub-Saharan Africa,,2011,66.3660965
Sub-Saharan Africa,,2012,66.3660965
Sub-Saharan Africa,,2013,66.3660965
Sub-Saharan Africa,,2014,66.3660965
Sub-Saharan Africa (excluding high-income countries),,1995,61.61352539
Sub-Saharan Africa (excluding high-income countries),,1996,61.61352539
Sub-Saharan Africa (excluding high-income countries),,1997,61.61352539
Sub-Saharan Africa (excluding high-income countries),,1998,61.61352539
Sub-Saharan Africa (excluding high-income countries),,1999,61.61352539
Sub-Saharan Africa (excluding high-income countries),,2000,61.61352539
Sub-Saharan Africa (excluding high-income countries),,2001,61.61352539
Sub-Saharan Africa (excluding high-income countries),,2002,61.61352539
Sub-Saharan Africa (excluding high-income countries),,2003,61.61352539
Sub-Saharan Africa (excluding high-income countries),,2004,61.61352539
Sub-Saharan Africa (excluding high-income countries),,2005,66.36328125
Sub-Saharan Africa (excluding high-income countries),,2006,66.36328125
Sub-Saharan Africa (excluding high-income countries),,2007,66.36328125
Sub-Saharan Africa (excluding high-income countries),,2008,66.36328125
Sub-Saharan Africa (excluding high-income countries),,2009,66.36328125
Sub-Saharan Africa (excluding high-income countries),,2010,66.36328125
Sub-Saharan Africa (excluding high-income countries),,2011,66.36328125
Sub-Saharan Africa (excluding high-income countries),,2012,66.36328125
Sub-Saharan Africa (excluding high-income countries),,2013,66.36328125
Sub-Saharan Africa (excluding high-income countries),,2014,66.36328125
Sudan,SDN,2000,72.33138
Sudan,SDN,2008,62.71716
Suriname,SUR,2004,94.13904
Suriname,SUR,2008,99.45978
Suriname,SUR,2010,98.80215
Suriname,SUR,2012,97.25966
Syria,SYR,1981,59.01689148
Syria,SYR,2002,92.96355
Syria,SYR,2004,90.21858
Tajikistan,TJK,1989,99.67124939
Tajikistan,TJK,2000,99.84972
Tanzania,TZA,1988,77.86617279
Tanzania,TZA,2002,76.20202
Tanzania,TZA,2010,72.771
Tanzania,TZA,2012,84.84802
Tanzania,TZA,2015,84.6408
Thailand,THA,1980,96.17220306
Thailand,THA,2000,97.84793
Thailand,THA,2005,97.87893
Thailand,THA,2010,96.55204
Thailand,THA,2013,98.65491
Thailand,THA,2015,98.29299
Timor,TLS,2010,78.56844
Togo,TGO,2000,63.55485
Togo,TGO,2006,67.9237
Togo,TGO,2009,74.55535
Togo,TGO,2011,72.70812
Togo,TGO,2015,78.37085
Tonga,TON,1976,99.79628754
Tonga,TON,1996,99.35449982
Tonga,TON,2006,99.55504
Tonga,TON,2011,99.51043
Trinidad and Tobago,TTO,1980,99.24356079
Trinidad and Tobago,TTO,1990,99.30000305
Tunisia,TUN,1984,62.52323151
Tunisia,TUN,1994,75.03592682
Tunisia,TUN,2004,92.2407
Tunisia,TUN,2007,94.72457
Tunisia,TUN,2008,95.78644
Tunisia,TUN,2010,96.09356
Tunisia,TUN,2011,96.31759
Tunisia,TUN,2012,95.71758
Tunisia,TUN,2014,95.80119
Turkey,TUR,1975,68.2533493
Turkey,TUR,1980,75.2379837
Turkey,TUR,1985,85.96096802
Turkey,TUR,1990,88.38578796
Turkey,TUR,2004,93.29502
Turkey,TUR,2005,93.96016
Turkey,TUR,2006,94.11954
Turkey,TUR,2007,94.28914
Turkey,TUR,2009,96.57019
Turkey,TUR,2010,97.19733
Turkey,TUR,2011,97.9363
Turkey,TUR,2012,98.41265
Turkey,TUR,2013,98.74206
Turkey,TUR,2014,98.95092
Turkey,TUR,2015,99.16708
Turkmenistan,TKM,1995,99.81292725
Uganda,UGA,1991,63.12382889
Uganda,UGA,2002,76.1791
Uganda,UGA,2006,81.12965
Uganda,UGA,2010,85.47146
Uganda,UGA,2012,81.6542
Ukraine,UKR,2001,99.83452
Ukraine,UKR,2012,99.98272
United Arab Emirates,ARE,1975,56.27696991
United Arab Emirates,ARE,1985,84.51428986
United Arab Emirates,ARE,2005,97.00174
Upper-middle-income countries,,1985,91.26429749
Upper-middle-income countries,,1986,91.26429749
Upper-middle-income countries,,1987,91.26429749
Upper-middle-income countries,,1988,91.26429749
Upper-middle-income countries,,1989,91.26429749
Upper-middle-income countries,,1990,91.26429749
Upper-middle-income countries,,1991,91.26429749
Upper-middle-income countries,,1992,91.26429749
Upper-middle-income countries,,1993,91.26429749
Upper-middle-income countries,,1994,91.26429749
Upper-middle-income countries,,1995,97.28898621
Upper-middle-income countries,,1996,97.28898621
Upper-middle-income countries,,1997,97.28898621
Upper-middle-income countries,,1998,97.28898621
Upper-middle-income countries,,1999,97.28898621
Upper-middle-income countries,,2000,97.28898621
Upper-middle-income countries,,2001,97.28898621
Upper-middle-income countries,,2002,97.28898621
Upper-middle-income countries,,2003,97.28898621
Upper-middle-income countries,,2004,97.28898621
Upper-middle-income countries,,2005,98.52527618
Upper-middle-income countries,,2006,98.52527618
Upper-middle-income countries,,2007,98.52527618
Upper-middle-income countries,,2008,98.52527618
Upper-middle-income countries,,2009,98.52527618
Upper-middle-income countries,,2010,98.52528381
Upper-middle-income countries,,2011,98.52527618
Upper-middle-income countries,,2012,98.52527618
Upper-middle-income countries,,2013,98.52527618
Upper-middle-income countries,,2014,98.52527618
Uruguay,URY,1975,98.83564758
Uruguay,URY,1985,98.99507904
Uruguay,URY,1996,99.01730347
Uruguay,URY,2006,99.11466
Uruguay,URY,2007,99.01907
Uruguay,URY,2008,99.3203
Uruguay,URY,2009,99.2278
Uruguay,URY,2010,99.22541
Uruguay,URY,2011,99.12098
Uruguay,URY,2012,99.29778
Uruguay,URY,2013,99.31015
Uruguay,URY,2014,99.39062
Uruguay,URY,2015,99.22868
Uzbekistan,UZB,2000,99.89448
Uzbekistan,UZB,2013,100
Uzbekistan,UZB,2014,100
Uzbekistan,UZB,2015,100
Vanuatu,VUT,1979,67.64405823
Vanuatu,VUT,1994,85.16844177
Venezuela,VEN,1981,93.88530731
Venezuela,VEN,1990,96.35971069
Venezuela,VEN,2001,98.06629
Venezuela,VEN,2007,98.8361
Venezuela,VEN,2009,98.80499
Venezuela,VEN,2011,98.23637
Venezuela,VEN,2015,99.31739
Venezuela,VEN,2016,99.09258
Vietnam,VNM,1979,94.02294159
Vietnam,VNM,1989,93.40222168
Vietnam,VNM,1999,93.82261
Vietnam,VNM,2000,94.05552
Vietnam,VNM,2009,96.78113
World,OWID_WRL,1985,78.73095703
World,OWID_WRL,1986,78.73095703
World,OWID_WRL,1987,78.73095703
World,OWID_WRL,1988,78.73095703
World,OWID_WRL,1989,78.73095703
World,OWID_WRL,1990,78.73648834
World,OWID_WRL,1991,78.73095703
World,OWID_WRL,1992,78.73095703
World,OWID_WRL,1993,78.73095703
World,OWID_WRL,1994,78.73095703
World,OWID_WRL,1995,83.98629761
World,OWID_WRL,1996,83.98629761
World,OWID_WRL,1997,83.98629761
World,OWID_WRL,1998,83.98629761
World,OWID_WRL,1999,83.98629761
World,OWID_WRL,2000,83.98999786
World,OWID_WRL,2001,83.98629761
World,OWID_WRL,2002,83.98629761
World,OWID_WRL,2003,83.98629761
World,OWID_WRL,2004,83.98629761
World,OWID_WRL,2005,88.61293793
World,OWID_WRL,2006,88.61293793
World,OWID_WRL,2007,88.61293793
World,OWID_WRL,2008,88.61293793
World,OWID_WRL,2009,88.61293793
World,OWID_WRL,2010,88.61525726
World,OWID_WRL,2011,88.61293793
World,OWID_WRL,2012,88.61293793
World,OWID_WRL,2013,88.61293793
World,OWID_WRL,2014,88.61293793
Yemen,YEM,1994,35.37773132
Zambia,ZMB,1990,65.52436829
Zambia,ZMB,1999,66.22681
Zambia,ZMB,2002,66.31098
Zambia,ZMB,2007,58.47755
Zambia,ZMB,2010,86.50945
Zimbabwe,ZWE,1982,84.8122406
Zimbabwe,ZWE,1992,94.35343933
Zimbabwe,ZWE,2011,92.12456
Zimbabwe,ZWE,2014,93.18835