Year,Team,count,gdp_pc
1900,United States,7,NA
1904,United States,6,NA
1920,United States,14,NA
1924,United States,21,NA
1928,United States,39,NA
1932,United States,60,NA
1936,United States,34,NA
1948,United States,37,NA
1952,United States,31,NA
1956,United States,39,NA
1960,United States,34,3007.123445
1964,United States,64,3573.941185
1968,United States,58,4695.92339
1972,United States,62,6094.01799
1976,United States,98,8592.253537
1984,United States,174,17121.22548
1988,United States,144,21417.01193
1992,United States,125,25418.99078
1996,United States,197,29967.71272
2000,United States,168,36329.95607
2004,United States,163,41724.63163
2008,United States,181,48570.04598
2012,United States,158,51784.41857
2016,United States,186,57866.74493
