﻿"COUNTRY","Country","DAGEGR","Age groups","DSEX","Gender","DSTATUS","Status of population","YEAR","Year","Value","Flag Codes","Flags"
"AUS","Australia","900000","All ages","90","Total males+females","90","All population","2002","2002",19640979,,
"AUS","Australia","900000","All ages","90","Total males+females","90","All population","2003","2003",19872646,,
"AUS","Australia","900000","All ages","90","Total males+females","90","All population","2004","2004",20091504,,
"AUS","Australia","900000","All ages","90","Total males+females","90","All population","2005","2005",20339759,,
"AUS","Australia","900000","All ages","90","Total males+females","90","All population","2006","2006",20605488,,
"AUS","Australia","900000","All ages","90","Total males+females","90","All population","2007","2007",21015042,,
"AUS","Australia","900000","All ages","90","Total males+females","90","All population","2008","2008",21431781,,
"AUS","Australia","900000","All ages","90","Total males+females","90","All population","2009","2009",21874920,,
"AUS","Australia","900000","All ages","90","Total males+females","90","All population","2010","2010",22342398,,
"AUS","Australia","900000","All ages","90","Total males+females","90","All population","2011","2011",22620554,,
"AUS","Australia","900000","All ages","90","Total males+females","90","All population","2012","2012",22683573,,
"AUT","Austria","900000","All ages","90","Total males+females","90","All population","2002","2002",8139310,,
"AUT","Austria","900000","All ages","90","Total males+females","90","All population","2003","2003",8067289,,
"AUT","Austria","900000","All ages","90","Total males+females","90","All population","2004","2004",8140122,,
"AUT","Austria","900000","All ages","90","Total males+females","90","All population","2005","2005",8206524,,
"AUT","Austria","900000","All ages","90","Total males+females","90","All population","2006","2006",8265925,,
"AUT","Austria","900000","All ages","90","Total males+females","90","All population","2007","2007",8298923,,
"AUT","Austria","900000","All ages","90","Total males+females","90","All population","2008","2008",8331930,,
"AUT","Austria","900000","All ages","90","Total males+females","90","All population","2009","2009",8355260,,
"AUT","Austria","900000","All ages","90","Total males+females","90","All population","2010","2010",8375290,,
"AUT","Austria","900000","All ages","90","Total males+females","90","All population","2011","2011",8404252,,
"AUT","Austria","900000","All ages","90","Total males+females","90","All population","2012","2012",8443018,,
"BEL","Belgium","900000","All ages","90","Total males+females","90","All population","2002","2002",10309725,,
"BEL","Belgium","900000","All ages","90","Total males+females","90","All population","2003","2003",10355844,,
"BEL","Belgium","900000","All ages","90","Total males+females","90","All population","2004","2004",10396421,,
"BEL","Belgium","900000","All ages","90","Total males+females","90","All population","2005","2005",10445852,,
"BEL","Belgium","900000","All ages","90","Total males+females","90","All population","2006","2006",10511382,,
"BEL","Belgium","900000","All ages","90","Total males+females","90","All population","2007","2007",10584534,,
"BEL","Belgium","900000","All ages","90","Total males+females","90","All population","2008","2008",10666866,,
"BEL","Belgium","900000","All ages","90","Total males+females","90","All population","2009","2009",10753080,,
"BEL","Belgium","900000","All ages","90","Total males+females","90","All population","2010","2010",10839905,,
"BEL","Belgium","900000","All ages","90","Total males+females","90","All population","2011","2011",10366843,,
"BEL","Belgium","900000","All ages","90","Total males+females","90","All population","2012","2012",11035958,,
"CAN","Canada","900000","All ages","90","Total males+females","90","All population","2003","2003",31361611,,
"CAN","Canada","900000","All ages","90","Total males+females","90","All population","2004","2004",31372587,,
"CAN","Canada","900000","All ages","90","Total males+females","90","All population","2005","2005",31989454,,
"CAN","Canada","900000","All ages","90","Total males+females","90","All population","2006","2006",32299496,,
"CAN","Canada","900000","All ages","90","Total males+females","90","All population","2007","2007",32649482,,
"CAN","Canada","900000","All ages","90","Total males+females","90","All population","2008","2008",32927372,,
"CAN","Canada","900000","All ages","90","Total males+females","90","All population","2009","2009",33327337,,
"CAN","Canada","900000","All ages","90","Total males+females","90","All population","2010","2010",33334414.5,,
"CAN","Canada","900000","All ages","90","Total males+females","90","All population","2011","2011",33927935.5,,
"CAN","Canada","900000","All ages","90","Total males+females","90","All population","2012","2012",34492645.5,,
"CZE","Czech Republic","900000","All ages","90","Total males+females","90","All population","2002","2002",10269726,,
"CZE","Czech Republic","900000","All ages","90","Total males+females","90","All population","2003","2003",10203269,,
"CZE","Czech Republic","900000","All ages","90","Total males+females","90","All population","2004","2004",10211455,,
"CZE","Czech Republic","900000","All ages","90","Total males+females","90","All population","2005","2005",10220577,,
"CZE","Czech Republic","900000","All ages","90","Total males+females","90","All population","2006","2006",10251079,,
"CZE","Czech Republic","900000","All ages","90","Total males+females","90","All population","2007","2007",10287189,,
"CZE","Czech Republic","900000","All ages","90","Total males+females","90","All population","2008","2008",10381130,,
"CZE","Czech Republic","900000","All ages","90","Total males+females","90","All population","2009","2009",10467542,,
"CZE","Czech Republic","900000","All ages","90","Total males+females","90","All population","2010","2010",10506813,,
"CZE","Czech Republic","900000","All ages","90","Total males+females","90","All population","2011","2011",10532770,,
"CZE","Czech Republic","900000","All ages","90","Total males+females","90","All population","2012","2012",10505445,,
"DNK","Denmark","900000","All ages","90","Total males+females","90","All population","2002","2002",5368354,,
"DNK","Denmark","900000","All ages","90","Total males+females","90","All population","2003","2003",5383507,,
"DNK","Denmark","900000","All ages","90","Total males+females","90","All population","2004","2004",5397640,,
"DNK","Denmark","900000","All ages","90","Total males+females","90","All population","2005","2005",5411405,,
"DNK","Denmark","900000","All ages","90","Total males+females","90","All population","2006","2006",5427459,,
"DNK","Denmark","900000","All ages","90","Total males+females","90","All population","2007","2007",5447084,,
"DNK","Denmark","900000","All ages","90","Total males+females","90","All population","2008","2008",5475791,,
"DNK","Denmark","900000","All ages","90","Total males+females","90","All population","2009","2009",5511451,,
"DNK","Denmark","900000","All ages","90","Total males+females","90","All population","2010","2010",5534738,,
"DNK","Denmark","900000","All ages","90","Total males+females","90","All population","2011","2011",5560628,,
"DNK","Denmark","900000","All ages","90","Total males+females","90","All population","2012","2012",5580516,,
"FIN","Finland","900000","All ages","90","Total males+females","90","All population","2002","2002",5194901,,
"FIN","Finland","900000","All ages","90","Total males+females","90","All population","2003","2003",5206295,,
"FIN","Finland","900000","All ages","90","Total males+females","90","All population","2004","2004",5219732,,
"FIN","Finland","900000","All ages","90","Total males+females","90","All population","2005","2005",5236611,,
"FIN","Finland","900000","All ages","90","Total males+females","90","All population","2006","2006",5255580,,
"FIN","Finland","900000","All ages","90","Total males+females","90","All population","2007","2007",5276955,,
"FIN","Finland","900000","All ages","90","Total males+females","90","All population","2008","2008",5300484,,
"FIN","Finland","900000","All ages","90","Total males+females","90","All population","2009","2009",5326314,,
"FIN","Finland","900000","All ages","90","Total males+females","90","All population","2010","2010",5351427,,
"FIN","Finland","900000","All ages","90","Total males+females","90","All population","2011","2011",5375276,,
"FIN","Finland","900000","All ages","90","Total males+females","90","All population","2012","2012",5401267,,
"FRA","France","900000","All ages","90","Total males+females","90","All population","2002","2002",59337731,,
"FRA","France","900000","All ages","90","Total males+females","90","All population","2003","2003",59630121,,
"FRA","France","900000","All ages","90","Total males+females","90","All population","2004","2004",59900680,,
"FRA","France","900000","All ages","90","Total males+females","90","All population","2005","2005",62518571,,
"FRA","France","900000","All ages","90","Total males+females","90","All population","2006","2006",62998773,,
"FRA","France","900000","All ages","90","Total males+females","90","All population","2007","2007",63392140,,
"FRA","France","900000","All ages","90","Total males+females","90","All population","2008","2008",63753140,,
"FRA","France","900000","All ages","90","Total males+females","90","All population","2009","2009",64366962,,
"FRA","France","900000","All ages","90","Total males+females","90","All population","2010","2010",64716310,,
"FRA","France","900000","All ages","90","Total males+females","90","All population","2011","2011",65129746,,
"FRA","France","900000","All ages","90","Total males+females","90","All population","2012","2012",65394283,,
"DEU","Germany","900000","All ages","90","Total males+females","90","All population","2002","2002",82440309,,
"DEU","Germany","900000","All ages","90","Total males+females","90","All population","2003","2003",82536680,,
"DEU","Germany","900000","All ages","90","Total males+females","90","All population","2004","2004",82531671,,
"DEU","Germany","900000","All ages","90","Total males+females","90","All population","2005","2005",82500849,,
"DEU","Germany","900000","All ages","90","Total males+females","90","All population","2006","2006",82437995,,
"DEU","Germany","900000","All ages","90","Total males+females","90","All population","2007","2007",82314906,,
"DEU","Germany","900000","All ages","90","Total males+females","90","All population","2008","2008",82217837,,
"DEU","Germany","900000","All ages","90","Total males+females","90","All population","2009","2009",82002356,,
"DEU","Germany","900000","All ages","90","Total males+females","90","All population","2010","2010",81802257,,
"DEU","Germany","900000","All ages","90","Total males+females","90","All population","2011","2011",81751602,,
"DEU","Germany","900000","All ages","90","Total males+females","90","All population","2012","2012",81843743,,
"GRC","Greece","900000","All ages","90","Total males+females","90","All population","2002","2002",10988000,,
"GRC","Greece","900000","All ages","90","Total males+females","90","All population","2003","2003",11006377,,
"GRC","Greece","900000","All ages","90","Total males+females","90","All population","2004","2004",11040650,,
"GRC","Greece","900000","All ages","90","Total males+females","90","All population","2005","2005",11082751,,
"GRC","Greece","900000","All ages","90","Total males+females","90","All population","2006","2006",11125179,,
"GRC","Greece","900000","All ages","90","Total males+females","90","All population","2007","2007",11171740,,
"GRC","Greece","900000","All ages","90","Total males+females","90","All population","2008","2008",11213785,,
"GRC","Greece","900000","All ages","90","Total males+females","90","All population","2009","2009",11260402,,
"GRC","Greece","900000","All ages","90","Total males+females","90","All population","2010","2010",11305118,,
"GRC","Greece","900000","All ages","90","Total males+females","90","All population","2011","2011",11309885,,
"GRC","Greece","900000","All ages","90","Total males+females","90","All population","2012","2012",11290067,,
"HUN","Hungary","900000","All ages","90","Total males+females","90","All population","2002","2002",10174853,,
"HUN","Hungary","900000","All ages","90","Total males+females","90","All population","2003","2003",10142362,,
"HUN","Hungary","900000","All ages","90","Total males+females","90","All population","2004","2004",10116742,,
"HUN","Hungary","900000","All ages","90","Total males+females","90","All population","2005","2005",10097549,,
"HUN","Hungary","900000","All ages","90","Total males+females","90","All population","2006","2006",10076581,,
"HUN","Hungary","900000","All ages","90","Total males+females","90","All population","2007","2007",10066158,,
"HUN","Hungary","900000","All ages","90","Total males+females","90","All population","2008","2008",10045401,,
"HUN","Hungary","900000","All ages","90","Total males+females","90","All population","2009","2009",10030975,,
"HUN","Hungary","900000","All ages","90","Total males+females","90","All population","2010","2010",10014324,,
"HUN","Hungary","900000","All ages","90","Total males+females","90","All population","2011","2011",9985722,,
"HUN","Hungary","900000","All ages","90","Total males+females","90","All population","2012","2012",9957731,,
"ISL","Iceland","900000","All ages","90","Total males+females","90","All population","2002","2002",286575,,
"ISL","Iceland","900000","All ages","90","Total males+females","90","All population","2003","2003",288471,,
"ISL","Iceland","900000","All ages","90","Total males+females","90","All population","2004","2004",290570,,
"ISL","Iceland","900000","All ages","90","Total males+females","90","All population","2005","2005",293577,,
"ISL","Iceland","900000","All ages","90","Total males+females","90","All population","2006","2006",299891,,
"ISL","Iceland","900000","All ages","90","Total males+females","90","All population","2007","2007",307672,,
"ISL","Iceland","900000","All ages","90","Total males+females","90","All population","2008","2008",315459,,
"ISL","Iceland","900000","All ages","90","Total males+females","90","All population","2009","2009",319368,,
"ISL","Iceland","900000","All ages","90","Total males+females","90","All population","2010","2010",317630,,
"ISL","Iceland","900000","All ages","90","Total males+females","90","All population","2011","2011",318452,,
"ISL","Iceland","900000","All ages","90","Total males+females","90","All population","2012","2012",319575,,
"IRL","Ireland","900000","All ages","90","Total males+females","90","All population","2002","2002",3882683,,
"IRL","Ireland","900000","All ages","90","Total males+females","90","All population","2003","2003",3963636,,
"IRL","Ireland","900000","All ages","90","Total males+females","90","All population","2004","2004",4027732,,
"IRL","Ireland","900000","All ages","90","Total males+females","90","All population","2005","2005",4109173,,
"IRL","Ireland","900000","All ages","90","Total males+females","90","All population","2006","2006",4209019,,
"IRL","Ireland","900000","All ages","90","Total males+females","90","All population","2007","2007",4239848,,
"IRL","Ireland","900000","All ages","90","Total males+females","90","All population","2008","2008",4401335,,
"IRL","Ireland","900000","All ages","90","Total males+females","90","All population","2009","2009",4450030,,
"IRL","Ireland","900000","All ages","90","Total males+females","90","All population","2010","2010",4467854,,
"IRL","Ireland","900000","All ages","90","Total males+females","90","All population","2011","2011",4569864,,
"IRL","Ireland","900000","All ages","90","Total males+females","90","All population","2012","2012",4582769,,
"ITA","Italy","900000","All ages","90","Total males+females","90","All population","2002","2002",56993742,,
"ITA","Italy","900000","All ages","90","Total males+females","90","All population","2003","2003",57321070,,
"ITA","Italy","900000","All ages","90","Total males+females","90","All population","2004","2004",57888245,,
"ITA","Italy","900000","All ages","90","Total males+females","90","All population","2005","2005",58462375,,
"ITA","Italy","900000","All ages","90","Total males+females","90","All population","2006","2006",58751711,,
"ITA","Italy","900000","All ages","90","Total males+females","90","All population","2007","2007",59131287,,
"ITA","Italy","900000","All ages","90","Total males+females","90","All population","2008","2008",59619290,,
"ITA","Italy","900000","All ages","90","Total males+females","90","All population","2009","2009",60045068,,
"ITA","Italy","900000","All ages","90","Total males+females","90","All population","2010","2010",60340328,,
"ITA","Italy","900000","All ages","90","Total males+females","90","All population","2011","2011",60626442,,
"ITA","Italy","900000","All ages","90","Total males+females","90","All population","2012","2012",60820696,,
"JPN","Japan","900000","All ages","90","Total males+females","90","All population","2002","2002",127291000,,
"JPN","Japan","900000","All ages","90","Total males+females","90","All population","2003","2003",127435000,,
"JPN","Japan","900000","All ages","90","Total males+females","90","All population","2004","2004",127620000,,
"JPN","Japan","900000","All ages","90","Total males+females","90","All population","2005","2005",127687000,,
"JPN","Japan","900000","All ages","90","Total males+females","90","All population","2006","2006",127767994,,
"JPN","Japan","900000","All ages","90","Total males+females","90","All population","2007","2007",127770000,,
"JPN","Japan","900000","All ages","90","Total males+females","90","All population","2008","2008",127771000,,
"JPN","Japan","900000","All ages","90","Total males+females","90","All population","2009","2009",127692000,,
"JPN","Japan","900000","All ages","90","Total males+females","90","All population","2010","2010",127510000,,
"JPN","Japan","900000","All ages","90","Total males+females","90","All population","2011","2011",128057000,,
"JPN","Japan","900000","All ages","90","Total males+females","90","All population","2012","2012",127799000,,
"KOR","Korea","900000","All ages","90","Total males+females","90","All population","2002","2002",47639618,,
"KOR","Korea","900000","All ages","90","Total males+females","90","All population","2003","2003",47925318,,
"KOR","Korea","900000","All ages","90","Total males+females","90","All population","2004","2004",48082163.01,,
"KOR","Korea","900000","All ages","90","Total males+females","90","All population","2005","2005",48138077,,
"KOR","Korea","900000","All ages","90","Total males+females","90","All population","2006","2006",48297184,,
"KOR","Korea","900000","All ages","90","Total males+females","90","All population","2007","2007",48456369,,
"KOR","Korea","900000","All ages","90","Total males+females","90","All population","2008","2008",48606787,,
"KOR","Korea","900000","All ages","90","Total males+females","90","All population","2009","2009",48746693,,
"KOR","Korea","900000","All ages","90","Total males+females","90","All population","2010","2010",48874539,,
"KOR","Korea","900000","All ages","90","Total males+females","90","All population","2011","2011",49779440,,
"KOR","Korea","900000","All ages","90","Total males+females","90","All population","2012","2012",50004441,,
"LUX","Luxembourg","900000","All ages","90","Total males+females","90","All population","2002","2002",444050,,
"LUX","Luxembourg","900000","All ages","90","Total males+females","90","All population","2003","2003",448300,,
"LUX","Luxembourg","900000","All ages","90","Total males+females","90","All population","2004","2004",451600,,
"LUX","Luxembourg","900000","All ages","90","Total males+females","90","All population","2005","2005",455000,,
"LUX","Luxembourg","900000","All ages","90","Total males+females","90","All population","2006","2006",469086,,
"LUX","Luxembourg","900000","All ages","90","Total males+females","90","All population","2007","2007",476187,,
"LUX","Luxembourg","900000","All ages","90","Total males+females","90","All population","2008","2008",483799,,
"LUX","Luxembourg","900000","All ages","90","Total males+females","90","All population","2009","2009",493500,,
"LUX","Luxembourg","900000","All ages","90","Total males+females","90","All population","2010","2010",502066,,
"LUX","Luxembourg","900000","All ages","90","Total males+females","90","All population","2011","2011",511840,,
"LUX","Luxembourg","900000","All ages","90","Total males+females","90","All population","2012","2012",524853,,
"MEX","Mexico","900000","All ages","90","Total males+females","90","All population","2002","2002",101826249,,
"MEX","Mexico","900000","All ages","90","Total males+females","90","All population","2003","2003",103039964,,
"MEX","Mexico","900000","All ages","90","Total males+females","90","All population","2004","2004",104213503,,
"MEX","Mexico","900000","All ages","90","Total males+females","90","All population","2005","2005",103001871,,
"MEX","Mexico","900000","All ages","90","Total males+females","90","All population","2006","2006",103946866,,
"MEX","Mexico","900000","All ages","90","Total males+females","90","All population","2007","2007",104874282,,
"MEX","Mexico","900000","All ages","90","Total males+females","90","All population","2008","2008",105790725,,
"MEX","Mexico","900000","All ages","90","Total males+females","90","All population","2009","2009",106682518,,
"MEX","Mexico","900000","All ages","90","Total males+females","90","All population","2010","2010",107550697,,
"MEX","Mexico","900000","All ages","90","Total males+females","90","All population","2011","2011",108396211,,
"MEX","Mexico","900000","All ages","90","Total males+females","90","All population","2012","2012",115682867.7,,
"NLD","Netherlands","900000","All ages","90","Total males+females","90","All population","2002","2002",16105285,,
"NLD","Netherlands","900000","All ages","90","Total males+females","90","All population","2003","2003",16192572,,
"NLD","Netherlands","900000","All ages","90","Total males+females","90","All population","2004","2004",16258032,,
"NLD","Netherlands","900000","All ages","90","Total males+females","90","All population","2005","2005",16305526,,
"NLD","Netherlands","900000","All ages","90","Total males+females","90","All population","2006","2006",16334210,,
"NLD","Netherlands","900000","All ages","90","Total males+females","90","All population","2007","2007",16357992,,
"NLD","Netherlands","900000","All ages","90","Total males+females","90","All population","2008","2008",16405399,,
"NLD","Netherlands","900000","All ages","90","Total males+females","90","All population","2009","2009",16485787,,
"NLD","Netherlands","900000","All ages","90","Total males+females","90","All population","2010","2010",16574989,,
"NLD","Netherlands","900000","All ages","90","Total males+females","90","All population","2011","2011",16655799,,
"NLD","Netherlands","900000","All ages","90","Total males+females","90","All population","2012","2012",16730348,,
"NZL","New Zealand","900000","All ages","90","Total males+females","90","All population","2002","2002",3939130,,
"NZL","New Zealand","900000","All ages","90","Total males+females","90","All population","2003","2003",4009200,,
"NZL","New Zealand","900000","All ages","90","Total males+females","90","All population","2004","2004",4062500,,
"NZL","New Zealand","900000","All ages","90","Total males+females","90","All population","2005","2005",4100570,,
"NZL","New Zealand","900000","All ages","90","Total males+females","90","All population","2006","2006",4139470,,
"NZL","New Zealand","900000","All ages","90","Total males+females","90","All population","2007","2007",4228280,,
"NZL","New Zealand","900000","All ages","90","Total males+females","90","All population","2008","2008",4268880,,
"NZL","New Zealand","900000","All ages","90","Total males+females","90","All population","2009","2009",4315840,,
"NZL","New Zealand","900000","All ages","90","Total males+females","90","All population","2010","2010",4367740,,
"NZL","New Zealand","900000","All ages","90","Total males+females","90","All population","2011","2011",4405150,,
"NZL","New Zealand","900000","All ages","90","Total males+females","90","All population","2012","2012",4433100,,
"NOR","Norway","900000","All ages","90","Total males+females","90","All population","2002","2002",4524066,,
"NOR","Norway","900000","All ages","90","Total males+females","90","All population","2003","2003",4552252,,
"NOR","Norway","900000","All ages","90","Total males+females","90","All population","2004","2004",4577457,,
"NOR","Norway","900000","All ages","90","Total males+females","90","All population","2005","2005",4606363,,
"NOR","Norway","900000","All ages","90","Total males+females","90","All population","2006","2006",4640219,,
"NOR","Norway","900000","All ages","90","Total males+females","90","All population","2007","2007",4681134,,
"NOR","Norway","900000","All ages","90","Total males+females","90","All population","2008","2008",4737171,,
"NOR","Norway","900000","All ages","90","Total males+females","90","All population","2009","2009",4799252,,
"NOR","Norway","900000","All ages","90","Total males+females","90","All population","2010","2010",4858199,,
"NOR","Norway","900000","All ages","90","Total males+females","90","All population","2011","2011",4920305,,
"NOR","Norway","900000","All ages","90","Total males+females","90","All population","2012","2012",4985870,,
"POL","Poland","900000","All ages","90","Total males+females","90","All population","2002","2002",38632453,,
"POL","Poland","900000","All ages","90","Total males+females","90","All population","2003","2003",38218531,,
"POL","Poland","900000","All ages","90","Total males+females","90","All population","2004","2004",38190608,,
"POL","Poland","900000","All ages","90","Total males+females","90","All population","2005","2005",38173835,,
"POL","Poland","900000","All ages","90","Total males+females","90","All population","2006","2006",38157055,,
"POL","Poland","900000","All ages","90","Total males+females","90","All population","2007","2007",38125479,,
"POL","Poland","900000","All ages","90","Total males+females","90","All population","2008","2008",38115641,,
"POL","Poland","900000","All ages","90","Total males+females","90","All population","2009","2009",38135876,,
"POL","Poland","900000","All ages","90","Total males+females","90","All population","2010","2010",38167329,,
"POL","Poland","900000","All ages","90","Total males+females","90","All population","2011","2011",38200037,,
"POL","Poland","900000","All ages","90","Total males+females","90","All population","2012","2012",38538447,,
"PRT","Portugal","900000","All ages","90","Total males+females","90","All population","2002","2002",10335559,,
"PRT","Portugal","900000","All ages","90","Total males+females","90","All population","2003","2003",10407465,,
"PRT","Portugal","900000","All ages","90","Total males+females","90","All population","2004","2004",10474685,,
"PRT","Portugal","900000","All ages","90","Total males+females","90","All population","2005","2005",10529255,,
"PRT","Portugal","900000","All ages","90","Total males+females","90","All population","2006","2006",10569592,,
"PRT","Portugal","900000","All ages","90","Total males+females","90","All population","2007","2007",10599095,,
"PRT","Portugal","900000","All ages","90","Total males+females","90","All population","2008","2008",10617575,,
"PRT","Portugal","900000","All ages","90","Total males+females","90","All population","2009","2009",10627250,,
"PRT","Portugal","900000","All ages","90","Total males+females","90","All population","2010","2010",10637713,,
"PRT","Portugal","900000","All ages","90","Total males+females","90","All population","2011","2011",10636979,,
"PRT","Portugal","900000","All ages","90","Total males+females","90","All population","2012","2012",10542398,,
"SVK","Slovak Republic","900000","All ages","90","Total males+females","90","All population","2002","2002",5378951,,
"SVK","Slovak Republic","900000","All ages","90","Total males+females","90","All population","2003","2003",5379161,,
"SVK","Slovak Republic","900000","All ages","90","Total males+females","90","All population","2004","2004",5380053,,
"SVK","Slovak Republic","900000","All ages","90","Total males+females","90","All population","2005","2005",5384822,,
"SVK","Slovak Republic","900000","All ages","90","Total males+females","90","All population","2006","2006",5389180,,
"SVK","Slovak Republic","900000","All ages","90","Total males+females","90","All population","2007","2007",5393637,,
"SVK","Slovak Republic","900000","All ages","90","Total males+females","90","All population","2008","2008",5400998,,
"SVK","Slovak Republic","900000","All ages","90","Total males+females","90","All population","2009","2009",5412254,,
"SVK","Slovak Republic","900000","All ages","90","Total males+females","90","All population","2010","2010",5424925,,
"SVK","Slovak Republic","900000","All ages","90","Total males+females","90","All population","2011","2011",5435273,,
"SVK","Slovak Republic","900000","All ages","90","Total males+females","90","All population","2012","2012",5404322,,
"ESP","Spain","900000","All ages","90","Total males+females","90","All population","2002","2002",40409330,,
"ESP","Spain","900000","All ages","90","Total males+females","90","All population","2003","2003",41550584,,
"ESP","Spain","900000","All ages","90","Total males+females","90","All population","2004","2004",42345342,,
"ESP","Spain","900000","All ages","90","Total males+females","90","All population","2005","2005",43038035,,
"ESP","Spain","900000","All ages","90","Total males+females","90","All population","2006","2006",43758250,,
"ESP","Spain","900000","All ages","90","Total males+females","90","All population","2007","2007",44474631,,
"ESP","Spain","900000","All ages","90","Total males+females","90","All population","2008","2008",45283259,,
"ESP","Spain","900000","All ages","90","Total males+females","90","All population","2009","2009",45828172,,
"ESP","Spain","900000","All ages","90","Total males+females","90","All population","2010","2010",45989016,,
"ESP","Spain","900000","All ages","90","Total males+females","90","All population","2011","2011",46152926,,
"ESP","Spain","900000","All ages","90","Total males+females","90","All population","2012","2012",46818221,,
"SWE","Sweden","900000","All ages","90","Total males+females","90","All population","2002","2002",8909128,,
"SWE","Sweden","900000","All ages","90","Total males+females","90","All population","2003","2003",8940788,,
"SWE","Sweden","900000","All ages","90","Total males+females","90","All population","2004","2004",8975670,,
"SWE","Sweden","900000","All ages","90","Total males+females","90","All population","2005","2005",9011392,,
"SWE","Sweden","900000","All ages","90","Total males+females","90","All population","2006","2006",9047752,,
"SWE","Sweden","900000","All ages","90","Total males+females","90","All population","2007","2007",9113257,,
"SWE","Sweden","900000","All ages","90","Total males+females","90","All population","2008","2008",9182927,,
"SWE","Sweden","900000","All ages","90","Total males+females","90","All population","2009","2009",9256347,,
"SWE","Sweden","900000","All ages","90","Total males+females","90","All population","2010","2010",9340682,,
"SWE","Sweden","900000","All ages","90","Total males+females","90","All population","2011","2011",9415570,,
"SWE","Sweden","900000","All ages","90","Total males+females","90","All population","2012","2012",9482855,,
"CHE","Switzerland","900000","All ages","90","Total males+females","90","All population","2002","2002",7261210,,
"CHE","Switzerland","900000","All ages","90","Total males+females","90","All population","2003","2003",7313853,,
"CHE","Switzerland","900000","All ages","90","Total males+females","90","All population","2004","2004",7364148,,
"CHE","Switzerland","900000","All ages","90","Total males+females","90","All population","2005","2005",7415102,,
"CHE","Switzerland","900000","All ages","90","Total males+females","90","All population","2006","2006",7459128,,
"CHE","Switzerland","900000","All ages","90","Total males+females","90","All population","2007","2007",7508739,,
"CHE","Switzerland","900000","All ages","90","Total males+females","90","All population","2008","2008",7593494,,
"CHE","Switzerland","900000","All ages","90","Total males+females","90","All population","2009","2009",7701856,,
"CHE","Switzerland","900000","All ages","90","Total males+females","90","All population","2010","2010",7785806,,
"CHE","Switzerland","900000","All ages","90","Total males+females","90","All population","2011","2011",7870134,,
"CHE","Switzerland","900000","All ages","90","Total males+females","90","All population","2012","2012",7954662,,
"TUR","Türkiye","900000","All ages","90","Total males+females","90","All population","2003","2003",70171980,,
"TUR","Türkiye","900000","All ages","90","Total males+females","90","All population","2004","2004",70689500,,
"TUR","Türkiye","900000","All ages","90","Total males+females","90","All population","2005","2005",71607500,,
"TUR","Türkiye","900000","All ages","90","Total males+females","90","All population","2006","2006",72519974,,
"TUR","Türkiye","900000","All ages","90","Total males+females","90","All population","2007","2007",72519974,,
"TUR","Türkiye","900000","All ages","90","Total males+females","90","All population","2008","2008",70586256,,
"TUR","Türkiye","900000","All ages","90","Total males+females","90","All population","2009","2009",71517100,,
"TUR","Türkiye","900000","All ages","90","Total males+females","90","All population","2010","2010",72561312,,
"TUR","Türkiye","900000","All ages","90","Total males+females","90","All population","2011","2011",73722988,,
"TUR","Türkiye","900000","All ages","90","Total males+females","90","All population","2012","2012",74724269,,
"GBR","United Kingdom","900000","All ages","90","Total males+females","90","All population","2002","2002",58706905.169,,
"GBR","United Kingdom","900000","All ages","90","Total males+females","90","All population","2003","2003",59262057,,
"GBR","United Kingdom","900000","All ages","90","Total males+females","90","All population","2004","2004",59699828,,
"GBR","United Kingdom","900000","All ages","90","Total males+females","90","All population","2005","2005",60059858,,
"GBR","United Kingdom","900000","All ages","90","Total males+females","90","All population","2006","2006",60412870,,
"GBR","United Kingdom","900000","All ages","90","Total males+females","90","All population","2007","2007",60781346,,
"GBR","United Kingdom","900000","All ages","90","Total males+females","90","All population","2008","2008",61179260,,
"GBR","United Kingdom","900000","All ages","90","Total males+females","90","All population","2009","2009",61595094,,
"GBR","United Kingdom","900000","All ages","90","Total males+females","90","All population","2010","2010",62026962,,
"GBR","United Kingdom","900000","All ages","90","Total males+females","90","All population","2011","2011",62498612,,
"GBR","United Kingdom","900000","All ages","90","Total males+females","90","All population","2012","2012",63256154,,
"USA","United States","900000","All ages","90","Total males+females","90","All population","2002","2002",277244916,,
"USA","United States","900000","All ages","90","Total males+females","90","All population","2003","2003",288774226,,
"USA","United States","900000","All ages","90","Total males+females","90","All population","2004","2004",290810719,,
"USA","United States","900000","All ages","90","Total males+females","90","All population","2005","2005",294442683,,
"USA","United States","900000","All ages","90","Total males+females","90","All population","2006","2006",297308143,,
"USA","United States","900000","All ages","90","Total males+females","90","All population","2007","2007",300184434,,
"USA","United States","900000","All ages","90","Total males+females","90","All population","2008","2008",304846731,,
"USA","United States","900000","All ages","90","Total males+females","90","All population","2009","2009",305127551,,
"USA","United States","900000","All ages","90","Total males+females","90","All population","2010","2010",307756577,,
"USA","United States","900000","All ages","90","Total males+females","90","All population","2011","2011",309989078,,
"USA","United States","900000","All ages","90","Total males+females","90","All population","2012","2012",312232049,,
